id;p1;p2;p3;p4;p5;p6;p7;p8;p9;p10;p11;p12;p13;p14;p15;p16;p17;p18;p19;p20;p21;p22;p23;w1;w2;w3;w4;w5;w6;w7;w8;w9;w10;w11;w12;w13;w14;w15;w16;w17;w18;w19;w20;w21;w22;w23;w24;w25;w26;w27;w28;w29;w30;państwo_oś;macierz_gospodarcze;macierz_społeczne;wykszt_ojca;wykszt_matki;rok_studiów;kierunek_studiów;praca;miejsc_pochodzenia;rok_urodzenia;płeć
s1;2;1;1;3;1;2;2;1;2;1;1;1;1;1;2;1;1;2;1;1;1;2;2;1;2;1;2;1;2;2;2;1;2;2;1;1;1;2;1;2;1;1;1;1;2;1;1;1;1;2;1;1;2;3;3;3;5;5;3;FIR;2;1;1993;2
s2;2;1;2;2;2;1;1;1;2;3;1;1;1;1;;1;1;2;1;1;1;2;2;1;2;1;2;2;2;2;2;1;2;1;1;1;1;2;1;2;1;2;2;1;2;2;1;2;1;1;1;1;2;3;3;4;5;5;3;FIR;2;1;1993;1
s3;2;1;1;2;2;2;1;2;1;2;2;1;2;1;1;1;1;1;1;1;1;2;1;2;1;1;1;1;2;2;2;1;1;2;1;1;1;2;1;1;1;1;1;1;2;2;2;1;1;1;1;1;2;3;4;3;5;5;3;FIR;2;2;1993;2
s4;2;2;2;2;1;3;2;1;2;3;3;1;1;1;2;3;1;1;1;3;1;3;1;1;2;1;2;1;1;2;1;1;2;1;1;1;2;2;1;2;1;2;1;1;2;1;1;2;1;2;1;1;2;7;3;3;5;5;2;FIR;1;2;1994;2
s5;2;1;1;2;1;2;2;1;1;2;2;2;1;2;2;1;1;2;1;1;1;2;2;1;2;1;2;1;2;2;2;1;2;1;1;1;1;2;1;2;1;1;1;1;2;2;2;2;1;1;1;1;2;3;3;1;5;5;2;FIR;1;1;1994;1
s6;2;1;2;2;3;2;1;2;2;2;2;2;2;1;2;1;1;1;1;1;1;2;2;2;2;1;2;2;2;2;1;1;1;1;1;1;2;2;1;2;1;2;1;1;2;2;1;1;1;2;1;1;2;4;3;2;5;5;2;FIR + Filozofie;2;4;1994;2
s7;2;1;2;2;1;1;2;2;2;2;1;2;2;1;2;1;1;1;2;1;1;2;3;1;2;1;2;1;2;2;2;1;2;2;1;1;1;2;1;2;1;2;1;1;2;2;1;1;1;2;1;1;2;3;3;3;5;5;2;FIR;2;1;1994;2
s8;1;2;2;2;2;2;1;1;1;2;1;1;2;1;2;2;1;1;1;1;1;2;1;1;2;;2;1;2;2;2;1;1;1;1;1;1;2;1;2;1;1;1;1;2;1;1;1;1;2;2;1;2;2;4;3;5;5;3;FIR;3;4;1992;2
s9;2;2;2;1;3;2;2;2;2;1;2;1;3;1;2;1;1;1;1;1;1;2;3;1;2;1;1;1;2;2;2;1;1;2;1;1;1;2;1;2;1;1;1;1;2;2;2;1;1;1;1;1;2;4;3;3;5;5;3;FIR;2;4;1993;1
s10;1;1;1;2;1;2;1;1;1;1;3;3;3;1;2;3;3;3;1;1;1;1;1;1;2;1;1;2;1;2;2;2;2;2;1;1;2;1;1;2;1;2;1;1;2;2;2;1;1;2;1;1;2;2;4;2;5;5;2;FIR;2;3;1994;1
s11;2;1;2;2;1;3;1;2;2;2;2;1;2;1;2;1;1;1;1;1;1;3;3;1;1;1;2;2;1;2;2;1;2;2;1;1;1;2;1;2;2;2;1;1;2;1;1;1;1;2;1;1;2;3;4;3;3;4;2;FIR;3;1;1993;1
s12;2;1;2;2;1;2;2;2;3;2;2;1;2;1;1;2;1;1;1;2;2;2;2;2;2;1;2;2;1;2;2;2;2;1;1;1;1;2;1;2;1;2;1;1;2;2;1;1;1;2;1;1;2;3;3;1;5;5;3;FIR;1;3;1993;2
s13;2;2;3;2;2;2;3;1;2;1;2;3;1;2;2;3;2;3;1;1;1;2;1;1;2;1;2;1;2;1;1;1;2;1;1;2;2;1;1;2;1;1;2;1;2;1;1;1;1;1;2;1;2;3;3;2;4;5;3;Inżynieria Biomedyczna;2;3;1993;1
s14;2;1;2;1;1;2;1;2;2;2;2;1;1;1;2;1;1;1;1;2;2;2;1;1;2;1;1;2;1;2;1;1;1;2;1;2;2;2;1;2;1;1;2;1;2;2;2;1;1;2;1;1;2;2;4;4;5;5;3;Inżynieria Biomedyczna;2;3;1993;1
s15;2;2;3;2;1;2;1;1;1;2;1;1;2;1;2;2;1;2;1;1;1;2;1;1;2;1;1;1;1;1;2;1;;;1;1;;1;1;1;1;2;1;1;2;1;;1;1;;1;1;2;2;3;4;6;6;3;Inżynieria Biomedyczna;3;3;1993;2
s16;2;3;3;1;2;2;2;3;2;3;2;3;1;3;1;3;3;3;3;1;1;2;1;1;2;2;1;2;1;1;1;1;2;1;2;1;2;1;1;2;1;1;2;1;1;1;2;1;1;1;2;2;1;5;;;5;5;3;Inżynieria Biomedyczna;;2;1993;1
s17;2;1;2;2;2;1;3;1;2;1;2;2;1;1;1;1;1;1;1;1;1;3;1;1;2;1;1;1;2;2;1;1;2;1;1;2;2;1;1;2;1;1;1;2;1;2;1;1;1;2;1;1;2;5;3;2;5;5;3;Inżynieria Biomedyczna;2;4;1993;1
s18;2;1;3;1;1;2;2;2;2;2;2;1;1;2;2;1;1;1;1;1;2;3;2;1;2;1;1;1;2;1;1;2;1;2;1;1;2;1;1;2;2;1;1;1;1;2;1;2;1;2;1;2;1;7;3;2;5;4;3;Inżynieria Biomedyczna;3;4;1993;1
s19;2;1;2;1;1;2;2;1;1;1;2;1;1;1;2;1;1;1;1;1;1;2;2;1;1;2;2;1;1;2;2;2;2;2;1;1;1;1;1;1;2;1;1;1;1;2;1;1;2;2;2;1;1;6;2;2;5;4;3;Inżynieria Biomedyczna;2;2;1993;1
s20;2;1;2;2;2;1;2;1;2;1;2;1;2;1;2;2;1;1;1;1;1;2;2;1;2;2;2;1;2;2;1;1;2;1;1;1;2;1;2;2;1;2;2;1;2;1;1;2;2;2;2;1;2;5;3;3;4;4;3;Inżynieria Biomedyczna;3;1;1993;1
s21;2;1;1;2;2;2;2;3;2;2;1;2;2;1;1;1;1;3;1;2;1;3;2;1;2;1;2;1;1;2;2;1;2;1;1;2;2;1;1;2;2;1;1;1;2;1;1;1;1;1;2;1;2;2;3;2;5;4;3;Inżynieria Biomedyczna;2;4;1993;1
s22;3;2;1;2;2;3;2;1;1;3;1;3;2;3;3;2;3;3;1;1;1;3;1;1;1;2;1;2;1;1;1;1;2;1;1;2;1;1;1;1;1;1;1;1;1;2;2;1;1;2;1;2;2;3;3;4;5;5;3;Inżynieria Biomedyczna;2;4;1993;2
s23;2;1;3;1;1;1;2;3;2;1;2;1;1;1;1;2;3;1;3;1;1;3;1;1;1;1;2;1;1;1;1;1;2;1;1;1;2;1;1;1;1;2;2;1;2;1;1;1;2;1;2;2;1;5;;;5;5;3;Inżynieria Biomedyczna;3;4;1993;2
s24;2;1;2;2;1;1;2;1;1;1;3;2;2;2;2;1;2;1;;1;1;;2;1;;;1;1;;1;1;1;2;;2;1;;;1;1;2;2;2;1;;;;;;;;;;7;4;4;5;5;3;Inżynieria Biomedyczna;3;2;1993;1
s25;2;2;3;3;3;2;2;2;1;1;3;1;2;3;3;2;1;1;3;1;1;3;3;1;2;1;1;1;2;1;1;2;2;1;1;2;2;2;2;1;1;1;2;1;2;2;1;1;1;2;2;1;2;7;4;3;4;5;3;Inżynieria Biomedyczna;2;2;1993;1
s26;2;1;2;2;1;2;2;2;3;1;2;3;1;1;2;1;2;1;1;1;1;1;2;1;1;2;1;1;1;2;1;1;2;2;1;2;1;2;2;2;1;1;1;1;2;1;1;1;1;2;1;1;2;3;3;3;3;5;3;Inżynieria Biomedyczna;2;4;1991;1
s27;1;1;2;2;1;3;2;3;2;2;3;1;1;1;2;1;3;3;3;1;1;2;3;1;1;2;2;2;1;1;2;1;2;1;1;1;2;1;1;2;2;1;2;1;2;2;1;1;1;2;2;1;2;3;3;2;5;4;2;Informatyka;1;4;1994;2
s28;2;1;2;1;1;1;2;2;2;2;2;1;1;1;2;1;1;1;2;2;1;2;1;1;1;2;2;1;2;1;2;1;2;2;1;2;1;1;1;1;2;1;1;1;2;2;1;1;2;1;1;1;2;3;2;2;5;5;2;Informatyka;1;4;1994;2
s29;2;1;2;1;2;2;2;2;2;1;2;3;1;1;3;1;1;3;3;2;2;3;1;1;1;2;2;2;1;2;1;1;2;2;2;1;1;2;2;2;1;1;1;1;2;2;1;1;1;2;1;2;2;6;2;2;3;3;2;Informatyka;2;3;1994;1
s30;2;1;2;1;2;2;2;1;2;1;2;1;3;1;2;1;2;1;1;1;1;3;1;1;1;1;2;2;1;1;1;2;1;2;2;1;2;1;1;2;1;1;2;1;1;1;2;1;2;2;1;2;1;3;3;2;5;5;2;Informatyka;1;1;1994;2
s31;2;2;3;3;2;1;1;1;3;1;1;3;3;1;2;3;3;3;3;1;1;3;1;1;1;1;1;2;1;2;1;1;1;2;1;1;1;2;1;2;1;2;2;2;1;1;1;1;1;1;2;1;2;5;;;5;5;1;Matematyka;1;2;1995;1
s32;2;2;2;2;1;1;2;2;2;1;3;1;3;1;1;1;1;1;3;1;1;3;3;1;2;1;2;1;2;2;2;1;2;1;1;1;2;1;1;2;1;2;1;1;2;1;1;2;1;1;1;2;2;4;3;3;3;4;1;Matematyka;1;1;1992;2
s33;2;2;1;2;2;2;1;1;2;3;3;3;2;3;2;2;1;1;1;1;1;1;1;1;1;1;2;2;2;1;2;1;1;1;2;1;1;1;1;2;1;1;1;2;2;2;1;1;1;1;1;1;1;0;3;4;3;3;2;Informatyka;2;2;1994;2
s34;1;2;2;2;2;2;2;1;2;1;2;1;2;1;2;1;1;1;1;2;1;2;1;1;1;1;1;2;1;2;2;1;2;2;1;1;2;1;1;2;1;2;2;1;2;2;1;2;1;2;1;1;2;6;3;3;5;5;2;Informatyka;2;2;1994;2
s35;2;2;2;2;1;1;1;1;3;2;1;3;3;3;2;3;1;3;3;3;3;2;2;1;1;1;2;1;1;1;2;1;1;1;1;1;2;2;1;1;2;2;1;1;2;2;2;1;1;2;1;1;2;3;3;3;5;5;2;Informatyka;3;4;1991;2
s36;2;2;1;2;2;1;2;1;2;1;2;1;1;1;2;1;2;1;1;2;1;3;1;1;2;1;1;1;2;1;1;1;1;1;1;1;2;2;1;2;1;2;1;1;2;1;1;2;1;2;2;1;1;6;2;2;3;4;1;Matematyka;2;1;1995;1
s37;2;2;2;1;1;1;2;2;3;2;1;3;1;1;1;3;2;1;1;2;1;2;1;1;2;2;1;2;1;1;1;2;2;2;2;1;2;2;2;1;1;2;1;1;1;2;1;1;2;2;2;2;2;5;3;3;5;5;1;Matematyka;2;4;1995;1
s38;1;1;2;3;1;1;2;3;3;2;1;1;1;1;1;3;3;2;3;1;1;3;1;1;1;1;2;1;1;2;1;2;2;1;1;1;2;1;2;1;1;2;2;1;2;1;2;1;1;1;2;1;1;;;;;;2;Zarządzanie;2;1;1995;1
s39;2;1;2;2;1;1;2;2;2;1;2;1;2;1;1;1;1;1;1;2;2;2;1;2;2;1;2;2;1;;2;1;2;2;1;1;2;2;1;2;1;1;1;1;2;2;1;1;1;2;1;1;2;4;2;1;5;4;2;MIESI;3;2;1994;1
s40;2;1;2;2;1;1;2;2;2;2;2;1;1;1;2;1;1;1;3;1;2;3;3;1;2;1;1;2;2;1;2;1;2;2;1;1;2;2;1;2;1;1;1;1;2;1;2;1;1;2;1;1;2;5;2;3;4;4;3;FIR;2;1;1993;1
s41;1;2;2;2;2;2;2;2;2;1;2;1;1;1;2;2;1;2;1;1;1;1;1;1;2;2;2;1;2;2;2;1;1;2;1;1;2;2;2;2;1;2;1;1;2;2;1;1;1;2;1;1;2;2;2;2;5;6;2;Zarządzanie;3;3;1994;2
s42;2;1;3;1;2;2;2;2;3;1;2;3;1;1;3;1;1;1;2;1;1;3;1;1;2;1;2;2;2;2;1;2;2;1;2;2;2;2;1;2;1;2;2;1;2;2;1;2;1;2;1;2;1;;;;;;2;Zarządzanie;1;2;1996;1
s43;2;2;2;2;1;2;1;3;3;3;1;2;;;;;;;;;;;;1;2;1;1;1;2;1;2;1;1;1;1;1;1;2;1;2;1;2;1;1;2;2;1;1;1;2;2;1;2;;;;;;2;MIESI;1;3;1994;2
s44;2;1;2;2;1;2;2;2;2;2;2;2;2;1;2;1;1;1;1;1;1;1;2;1;2;2;2;2;1;2;1;1;1;1;2;1;1;2;1;2;2;1;2;1;1;2;1;1;1;2;1;1;2;4;;;6;5;2;FIR;2;4;1994;1
s45;2;2;2;1;1;2;2;1;2;1;2;3;1;1;3;3;3;1;3;2;3;3;3;1;2;1;2;2;2;2;2;2;2;1;2;1;2;2;1;1;2;2;2;1;2;1;2;1;1;2;2;1;2;7;;;4;5;2;FIR;;4;1994;1
s46;1;2;2;1;1;2;3;2;2;1;2;2;1;1;1;1;1;1;2;1;1;2;1;1;2;1;1;1;1;2;2;1;2;1;2;1;1;1;1;2;1;2;2;2;2;1;1;1;1;1;1;1;1;5;3;3;5;5;2;FIR;1;4;1994;2
s47;2;1;2;2;1;1;2;2;2;2;2;1;1;1;2;1;1;1;1;1;1;3;1;2;2;1;2;2;2;2;2;1;1;2;1;1;2;2;1;2;1;2;1;1;2;;2;1;1;2;1;1;2;4;3;3;6;5;3;FIR;2;4;1993;2
s48;2;3;2;1;1;2;2;2;1;1;2;1;1;1;2;1;1;1;2;1;2;2;1;2;2;1;1;1;1;2;1;2;1;2;1;1;2;1;1;2;1;1;2;1;2;2;1;1;2;1;2;1;2;7;4;3;4;3;2;Zarządzanie;2;2;1994;2
s49;2;1;2;1;2;2;2;3;3;2;2;1;1;1;2;1;1;1;3;1;1;3;1;1;1;1;1;1;1;2;2;1;2;2;2;1;1;2;1;1;1;2;2;1;2;1;1;1;1;2;1;1;2;5;3;4;3;4;3;FIR;2;1;1993;1
s50;2;3;2;1;2;1;3;3;1;1;2;1;1;1;2;1;3;2;1;1;3;3;1;1;2;1;2;1;2;2;2;1;2;2;1;1;2;2;1;1;2;;;1;2;;1;2;1;2;1;1;2;6;;;;;3;FIR;3;1;1993;1
s51;2;1;2;2;1;3;1;3;2;2;2;1;3;1;2;1;1;1;1;1;1;3;1;1;2;2;2;1;2;2;2;1;2;2;1;1;2;2;1;1;1;2;1;1;2;2;1;1;1;2;1;1;2;3;3;2;3;3;2;FIR;2;1;1994;2
s52;2;1;2;1;1;3;2;3;2;1;2;1;1;1;2;1;1;1;1;1;1;1;2;1;2;2;2;1;1;2;2;1;2;2;1;2;2;2;1;2;1;1;2;1;2;;1;1;1;2;1;1;2;5;2;2;6;5;2;Zarządzanie;3;4;1994;1
s53;2;1;2;3;1;1;3;2;2;1;3;3;1;1;2;1;1;1;2;1;1;3;2;1;2;1;2;2;2;2;2;1;2;1;2;1;;;1;2;;2;1;1;2;2;2;1;1;1;1;;2;4;3;2;5;5;2;Zarządzanie;1;4;1994;1
s54;2;3;2;2;2;1;3;2;1;3;2;1;1;1;2;1;3;1;3;2;1;3;1;1;2;2;2;1;2;2;2;1;1;1;2;1;2;1;1;2;1;2;1;2;2;2;2;1;1;2;1;1;2;;3;2;3;3;2;MIESI;1;3;1994;1
s55;2;1;1;2;1;2;1;2;2;1;1;2;1;1;1;1;1;2;1;1;1;2;2;1;2;1;2;1;2;2;2;1;2;1;1;1;1;2;1;2;1;2;1;1;2;2;1;1;1;2;1;1;2;2;4;2;4;4;3;MIESI;3;4;1993;1
s56;2;3;2;1;3;2;2;3;3;2;1;1;1;1;3;1;2;1;1;2;1;1;1;1;1;1;2;2;2;1;2;1;2;1;1;2;2;1;2;2;1;1;2;1;2;1;1;2;2;1;2;1;2;4;4;3;4;4;2;Zarządzanie;2;2;1993;2
s57;2;1;1;2;2;2;1;1;1;2;1;3;2;;2;2;3;1;1;1;1;3;3;1;2;1;2;1;1;2;2;1;2;;1;2;1;2;1;2;2;;1;1;2;2;2;1;1;2;1;1;1;;;;;;2;Zarządzanie;1;4;1995;2
s58;2;1;3;3;1;3;3;3;2;;3;1;3;1;2;3;1;;;;;;;1;1;1;1;2;2;;1;1;2;2;1;;1;2;2;2;1;1;2;1;2;;1;1;1;2;1;1;2;6;3;2;5;5;3;FIR;1;4;1994;2
s59;2;2;1;2;1;3;2;1;2;2;1;3;3;1;1;2;2;1;1;1;1;2;2;2;2;2;1;1;2;2;2;2;2;2;1;1;2;2;1;2;1;2;1;1;2;2;1;1;;2;1;1;2;4;3;3;5;5;3;FIR;1;1;1992;1
s60;2;1;3;2;1;2;1;1;1;2;1;2;2;2;3;1;1;1;1;1;1;2;1;1;1;1;2;1;2;2;2;1;1;2;1;1;1;2;1;2;1;1;2;1;2;2;1;1;1;1;1;1;2;3;3;3;5;4;2;FIR;2;4;1994;2
s61;1;1;2;2;1;2;3;1;2;2;3;3;2;1;3;1;1;2;3;1;1;3;2;1;2;1;2;2;2;2;1;1;1;1;1;2;1;2;1;2;1;2;2;1;2;2;1;1;2;1;1;1;2;4;3;3;5;5;2;FIR;2;4;1994;2
s62;1;2;1;2;2;2;2;1;1;1;3;3;2;1;2;1;1;1;1;1;1;1;1;2;1;1;1;2;2;1;1;1;2;1;1;1;1;2;1;1;1;1;2;1;2;1;1;1;1;1;1;1;2;6;3;2;5;5;3;FIR;2;4;1993;2
s63;3;3;3;2;3;2;2;2;3;1;3;1;3;1;2;1;1;3;1;3;3;2;1;1;2;1;1;2;2;2;2;1;2;2;1;1;1;2;1;2;1;2;1;1;2;1;2;1;1;2;1;1;2;1;4;2;5;5;3;FIR;1;4;1993;2
s64;2;1;2;2;1;1;1;2;2;1;1;2;2;1;2;1;1;2;1;1;1;2;2;1;2;1;1;2;2;2;2;1;1;1;1;2;1;2;1;2;1;2;2;1;2;2;2;1;1;2;1;1;2;3;3;2;5;5;3;FIR;3;4;1994;2
s65;;2;1;1;2;2;3;2;2;3;1;1;1;1;2;2;2;;1;1;2;3;;1;2;1;1;2;1;2;1;2;1;1;2;1;1;2;;;1;2;2;1;;2;;1;1;1;2;2;1;5;3;2;4;4;1;ASP;3;4;1993;
s66;2;2;2;2;3;3;2;3;2;1;3;3;3;1;2;2;1;1;1;1;1;1;1;1;1;2;1;2;2;1;2;2;1;2;1;2;2;2;2;2;2;2;2;1;2;2;1;2;2;1;2;1;2;;3;4;3;2;1;ASP;3;4;1991;1
s67;1;2;3;3;1;2;2;1;1;2;2;1;2;1;1;2;1;1;1;2;2;3;1;2;;2;1;2;2;1;2;1;2;2;1;2;2;2;2;1;1;1;2;1;1;2;1;2;1;1;2;2;1;5;2;1;4;4;1;ASP;;4;1994;1
s68;2;2;2;1;1;2;3;3;2;3;3;1;1;3;3;2;1;1;;3;3;1;1;1;1;2;2;2;1;2;1;2;2;1;2;1;1;2;2;1;2;1;2;2;1;2;1;2;1;2;2;2;1;4;3;1;2;5;1;ASP;2;4;1993;2
s69;2;2;2;1;3;3;2;1;2;3;2;2;1;1;1;2;1;1;1;1;3;2;1;1;1;2;1;1;1;;;;;;;;;;;;;;;;2;;;;;2;;;;5;2;2;4;5;1;ASP;1;4;1994;1
s70;2;3;3;1;2;3;2;3;1;1;2;2;3;1;3;2;3;1;1;1;1;1;1;2;2;1;2;1;1;2;1;2;2;2;1;2;1;2;1;2;2;1;2;2;2;1;2;1;2;1;1;2;2;4;3;1;3;4;1;ASP;;4;1990;1
s71;2;2;2;1;2;3;2;2;2;1;3;1;1;1;1;3;3;;3;1;3;2;1;1;1;2;1;2;2;1;2;1;1;2;1;1;2;2;1;2;2;2;2;1;2;1;1;2;2;1;2;1;2;3;3;2;5;4;1;ASP;2;4;1993;1
s72;1;2;2;1;;3;2;2;2;1;2;1;1;1;1;3;1;1;3;1;1;3;3;2;1;1;1;1;2;2;1;1;1;2;2;1;1;2;1;1;1;1;2;1;1;1;1;1;1;2;1;1;2;;;;3;3;1;ASP;;;1987;1
s73;1;2;2;1;2;2;2;2;1;1;3;3;1;1;2;2;1;1;1;2;2;3;1;2;1;1;1;2;1;2;2;2;1;1;2;2;2;2;1;1;2;2;1;2;2;1;1;1;2;1;;2;2;5;4;1;4;2;1;ASP;;4;1994;2
s74;2;2;2;2;2;2;2;1;1;1;2;3;3;3;2;2;1;2;1;1;1;2;1;1;1;2;1;1;2;1;2;2;1;2;2;1;1;2;1;1;2;1;1;1;1;2;1;2;1;1;2;2;1;5;2;2;6;6;1;ASP;2;4;1994;1
s75;2;3;3;1;1;3;2;1;1;1;3;1;1;1;2;2;2;2;1;3;3;2;1;1;1;1;2;1;2;2;1;2;1;1;2;2;2;2;1;1;1;2;2;1;2;1;2;2;1;;1;1;1;4;3;2;5;4;1;ASP;3;4;1992;1
s76;1;2;3;3;2;3;3;3;2;1;1;3;1;1;2;3;3;3;3;1;1;3;1;1;1;2;1;2;2;2;1;2;1;;1;2;2;1;1;2;2;1;2;2;1;1;1;2;2;1;2;2;1;2;4;2;4;4;1;ASP;;4;1991;2
s77;2;3;3;1;2;1;2;3;3;1;2;1;1;1;;;;;;;;;;2;1;1;2;1;1;1;2;2;1;2;1;2;2;2;2;1;2;1;1;1;2;1;2;1;2;2;2;1;2;3;2;1;3;5;2;ASP;2;4;1992;1
s78;2;2;1;2;2;2;2;1;1;1;1;1;2;1;2;2;1;1;1;3;1;2;1;1;2;2;1;2;1;2;1;1;2;;1;2;2;2;2;1;2;1;2;2;2;2;1;1;2;1;2;2;1;5;4;1;5;5;1;ASP;1;4;1994;1
s79;2;2;2;2;1;2;1;2;2;2;1;2;3;3;2;1;1;1;1;1;1;2;3;1;1;2;1;2;1;2;2;1;2;1;2;2;1;2;1;2;2;1;2;1;1;2;1;1;1;2;1;1;2;3;3;3;5;5;2;Informatyka;3;2;1994;2
s80;2;1;2;2;1;1;2;;2;2;2;2;1;1;2;1;1;1;2;1;1;2;2;1;1;1;2;2;2;2;2;1;1;2;1;1;;2;1;2;2;2;1;1;2;1;;1;1;2;1;1;2;6;2;1;3;4;PHD;Matematyka;3;3;1987;2
s81;2;2;2;2;3;2;3;1;1;2;1;1;1;1;2;3;2;1;1;1;1;2;1;2;2;1;2;1;1;2;2;1;1;2;1;1;1;1;1;1;2;1;2;1;1;2;1;1;1;2;1;1;2;3;3;3;3;3;1;Matematyka;2;1;1995;2
s82;2;3;2;1;1;2;2;2;3;1;3;1;3;1;2;1;1;2;3;2;1;3;1;1;1;2;1;2;2;2;2;2;1;1;1;2;1;2;1;2;2;1;1;1;2;1;1;1;1;2;1;1;2;3;3;2;5;5;2;Informatyka;1;2;1994;2
s83;2;2;1;2;1;2;3;1;2;1;2;1;3;1;2;2;1;1;1;1;1;2;1;1;1;2;2;2;1;2;2;1;1;2;2;1;1;2;1;2;1;1;1;1;2;2;1;1;1;2;1;1;2;6;3;2;5;5;2;Informatyka;2;2;1994;2
s84;2;2;2;2;1;1;2;1;2;1;2;1;3;1;2;2;1;1;1;1;2;2;1;1;1;2;2;1;1;2;1;2;1;2;;1;1;2;2;1;2;2;1;1;2;1;2;1;1;1;1;1;1;7;3;3;6;6;1;Matematyka;1;4;1995;1
s85;2;2;1;2;1;2;2;1;1;1;2;2;2;1;2;1;1;2;1;1;1;2;2;1;2;1;1;2;2;1;1;2;2;1;1;1;2;1;1;2;1;2;1;1;2;2;1;1;1;1;1;1;2;5;4;3;4;5;1;Matematyka;1;2;1995;2
s86;1;2;1;2;1;1;1;1;1;2;1;2;2;2;1;2;1;2;1;1;1;2;1;1;2;1;2;1;2;2;2;1;1;1;1;1;2;2;1;2;1;2;2;1;2;2;1;1;1;2;1;1;2;2;4;4;4;4;1;Matematyka;2;1;1995;2
s87;1;2;1;1;2;3;2;1;1;1;2;3;1;1;2;3;3;2;1;1;1;1;1;1;2;2;1;1;1;2;2;1;2;2;1;1;2;1;1;2;1;1;1;2;1;1;1;2;1;2;1;1;2;3;4;4;4;4;1;Matematyka;1;1;1993;1
s88;2;2;2;3;3;1;2;2;3;1;2;1;1;3;3;3;3;1;3;3;3;2;1;1;2;1;2;1;1;2;2;1;2;1;1;1;1;1;1;2;1;1;2;1;2;1;1;2;1;2;1;1;2;5;4;4;3;3;1;Matematyka;1;1;1995;1
s89;2;2;2;1;3;3;2;2;3;1;2;1;1;1;3;1;1;1;1;2;2;3;1;1;1;2;2;1;2;2;1;1;1;2;1;1;2;1;1;2;1;2;1;1;2;1;1;2;1;1;1;1;2;5;3;2;4;4;1;Matematyka;1;1;1995;1
s90;3;3;2;2;2;3;1;1;2;1;3;;2;1;3;1;1;1;1;1;1;2;1;1;1;1;1;2;2;1;2;1;1;2;1;2;;2;1;2;1;2;1;1;2;1;2;1;1;1;1;1;2;3;3;4;4;5;1;Matematyka;1;1;1995;2
s91;2;1;2;3;1;1;3;2;1;1;3;1;1;1;2;1;1;3;3;3;3;3;1;1;1;1;1;1;1;2;1;1;1;1;2;1;1;2;1;2;1;2;1;1;2;1;1;2;1;1;2;1;1;6;4;3;4;5;2;Psychologia;2;4;1994;1
s92;2;2;2;2;1;1;1;2;2;1;2;2;1;1;2;2;1;1;1;1;1;2;1;1;2;1;1;1;2;2;2;1;1;2;1;1;2;2;1;2;1;2;2;1;2;2;2;2;1;1;1;2;2;0;4;2;4;5;2;Psychologia;3;4;1993;2
s93;3;3;3;1;3;3;3;1;1;1;2;2;1;1;3;3;1;3;3;1;1;3;3;1;1;2;2;1;1;2;1;1;2;2;1;2;2;1;1;2;2;1;2;2;2;1;1;2;1;2;2;1;2;5;;;5;5;2;Psychologia;2;4;1994;1
s94;2;1;2;1;1;1;2;2;2;1;2;1;1;1;1;1;1;1;3;1;2;3;1;1;2;1;2;1;1;2;2;1;2;1;1;1;2;2;1;1;1;2;2;1;2;2;2;2;1;2;1;1;2;5;2;2;4;5;2;Psychologia;2;2;1994;2
s95;1;1;2;2;2;2;1;2;1;2;2;2;3;1;2;1;1;2;1;1;1;2;3;2;2;1;1;2;1;2;1;1;2;1;2;1;2;1;1;2;1;2;1;1;2;2;2;1;1;2;1;1;2;2;3;1;3;5;2;Psychologia;2;2;1994;2
s96;2;3;2;3;3;1;2;3;3;1;2;1;3;1;3;3;3;1;3;3;2;3;1;1;1;2;1;1;1;2;1;1;2;1;1;1;2;2;1;2;2;1;2;2;1;1;2;1;1;2;2;1;2;7;2;4;5;4;2;Psychologia;1;2;1994;1
s97;2;1;2;1;1;1;2;1;1;2;2;3;1;1;2;1;1;1;2;1;1;2;1;1;1;;1;1;1;2;1;1;2;1;1;1;1;2;1;2;1;2;1;1;1;1;1;2;1;2;2;1;2;5;3;3;4;5;2;Psychologia;3;2;1992;1
s98;3;2;3;1;2;2;2;3;3;1;2;1;1;1;1;3;3;1;2;1;1;3;1;1;2;1;1;1;2;2;1;2;2;1;1;1;2;1;2;2;1;2;1;1;2;2;1;2;1;2;2;1;1;6;3;2;3;4;2;Psychologia;2;1;1994;1
s99;2;1;1;1;1;;3;2;2;;2;1;1;1;2;1;1;1;3;2;3;3;1;1;1;2;1;1;1;2;1;1;2;2;1;2;2;1;1;2;2;1;1;2;2;1;2;2;2;2;1;1;1;4;3;2;5;4;2;Psychologia;3;3;1985;1
s100;1;1;2;1;2;2;2;2;2;1;2;1;1;1;1;3;1;3;1;1;1;3;1;1;2;2;2;2;1;2;1;1;2;2;1;2;1;2;1;2;2;2;1;1;1;2;1;2;2;2;1;1;2;5;3;2;5;5;2;Psychologia;2;3;1994;1
s101;2;2;3;1;3;3;2;2;1;2;2;2;1;1;2;3;1;3;1;2;2;;1;1;1;1;2;2;1;1;1;2;2;2;2;;2;1;2;2;1;2;1;2;2;2;1;1;1;2;2;1;2;6;2;2;6;5;2;Psychologia;1;4;1994;1
s102;1;1;2;1;1;2;2;1;3;1;2;2;1;1;1;1;1;2;1;1;1;3;2;1;1;2;1;2;2;2;1;1;2;2;1;2;2;1;1;2;2;2;1;1;1;1;1;1;2;1;2;1;2;5;4;1;5;5;2;Psychologia;1;4;1994;1
s103;2;2;2;2;1;1;2;2;3;2;3;1;1;1;2;2;1;1;1;1;1;2;3;1;1;2;2;2;1;2;1;1;1;2;2;2;2;2;;1;2;1;1;1;2;2;2;2;1;2;1;2;1;2;3;3;4;5;2;Psychologia;3;4;1994;1
s104;2;1;3;2;1;2;3;3;2;2;3;2;2;1;2;1;3;3;1;1;3;3;2;1;2;1;2;1;2;2;2;1;2;2;2;1;2;1;2;1;1;2;1;1;2;2;2;2;1;2;1;1;2;5;3;2;5;5;2;Psychologia;1;4;1994;2
s105;2;2;2;1;1;2;2;2;1;1;2;1;1;1;1;1;2;2;1;1;1;3;2;1;1;2;1;1;1;1;2;1;2;1;1;2;2;1;1;2;1;2;2;1;1;2;1;2;1;2;2;1;1;3;3;2;3;4;3/2;SFK/Psychologia;1;4;1992;1
s106;2;1;2;1;2;1;2;2;2;2;2;1;1;1;2;1;1;1;2;2;2;2;1;1;2;2;1;1;2;1;1;1;2;;2;;;;1;2;2;2;1;1;2;2;1;1;2;2;1;1;2;7;3;2;4;5;2;Psychologia;2;3;1993;1
s107;2;1;2;1;3;1;2;1;1;1;2;1;1;1;2;1;3;1;3;1;1;1;3;1;1;1;2;2;1;2;1;1;2;2;2;1;2;1;1;2;1;2;1;1;1;2;1;1;1;1;1;1;2;5;3;2;6;5;3/2;Psychologia;3;4;1989;1
s108;2;1;2;1;1;2;1;2;1;1;2;1;1;1;1;1;3;2;3;1;1;3;3;1;2;2;1;1;1;2;1;1;2;2;1;1;2;2;2;2;2;2;1;1;1;1;2;2;1;1;1;1;2;7;3;3;3;5;2;Psychologia;1;1;1992;1
s109;2;2;3;2;1;2;2;3;2;1;1;1;1;2;3;1;3;3;1;1;1;3;2;2;1;1;1;2;2;2;1;1;2;2;1;1;1;2;1;1;2;1;1;1;2;2;1;1;1;2;1;2;1;3;3;2;5;5;2;Psychologia;3;2;1994;1
s110;2;1;2;2;1;1;3;1;2;2;2;2;1;1;1;1;1;1;1;1;2;2;1;1;1;1;1;2;1;2;1;1;2;2;1;1;2;1;1;1;2;2;1;1;2;2;1;1;1;2;1;1;2;7;2;2;4;4;2;Psychologia;3;2;1993;2
s111;2;2;2;1;1;2;2;1;2;1;3;1;1;1;2;1;1;1;1;1;1;1;1;1;2;1;1;2;2;1;2;1;1;2;1;2;1;1;1;2;;1;1;1;2;2;1;1;1;2;1;2;2;6;3;1;3;5;2;Psychologia;2;3;1994;1
s112;1;1;2;1;1;1;2;2;2;1;2;1;1;1;2;1;1;1;1;1;1;2;2;1;2;1;1;1;2;2;2;1;2;2;1;1;2;1;1;1;1;1;1;1;1;1;1;1;1;2;1;1;2;3;3;4;5;4;2;Psychologia;3;4;1967;1
s113;2;1;2;2;1;1;2;2;2;1;2;1;1;1;1;1;2;1;1;1;1;2;1;1;1;1;1;1;1;2;2;2;2;2;1;1;2;2;1;2;2;2;1;1;2;1;2;1;1;2;1;1;2;2;4;1;4;5;3;Psychologia;3;4;1991;2
s114;2;3;2;1;2;1;2;2;1;1;2;1;1;1;1;1;1;1;1;1;1;3;1;1;1;1;1;1;2;2;1;1;2;1;1;1;1;1;1;1;2;1;1;1;2;1;1;2;1;2;1;1;2;6;3;2;5;5;2;Psychologia;1;3;1994;1
s115;2;2;1;1;2;2;2;1;1;1;2;1;1;1;2;1;2;1;1;1;1;2;1;2;2;2;2;1;2;2;1;1;1;1;2;1;1;1;2;2;2;2;2;2;1;2;1;2;1;2;1;1;2;1;4;1;6;5;2;Psychologia;1;1;1994;1
s116;2;2;1;1;2;2;2;1;1;1;1;2;2;2;2;1;2;1;1;1;2;1;1;1;1;1;1;1;2;2;1;1;2;2;1;2;1;2;2;1;1;2;1;1;2;2;1;2;1;1;1;2;1;2;3;1;4;4;2;Psychologia;3;4;1994;1
s117;2;1;2;1;1;2;2;2;2;1;2;1;1;1;1;1;1;1;1;1;1;2;1;1;1;1;1;1;2;1;1;2;2;1;2;1;2;2;1;2;2;2;1;1;2;2;1;2;2;1;1;1;2;6;3;1;5;5;2;Psychologia;3;3;1993;1
s118;2;1;3;1;2;2;2;2;2;2;1;1;1;1;2;3;2;2;2;1;1;1;1;1;1;2;1;1;2;2;1;2;1;1;2;1;1;1;1;2;1;1;2;1;2;1;2;1;1;2;1;1;1;;;;3;3;2;Psychologia;3;2;1994;1
s119;3;2;3;2;2;3;3;2;1;3;3;1;1;3;2;3;3;3;3;1;3;3;1;1;1;1;1;2;2;2;1;1;2;1;2;1;1;2;1;1;1;2;2;1;2;2;2;1;2;1;1;1;1;6;3;3;4;4;2;Psychologia;2;2;1994;2
s120;2;1;2;1;1;1;2;2;3;1;2;1;1;1;2;1;3;3;1;1;1;3;1;1;2;2;1;1;2;2;2;2;1;2;2;1;2;1;2;2;2;2;1;1;2;1;1;1;2;2;1;2;1;4;3;2;3;5;2;Psychologia;1;1;1993;1
s121;1;2;2;2;1;1;2;1;1;2;1;1;2;1;2;2;1;2;1;1;1;2;1;1;2;1;1;1;2;1;1;1;2;2;1;2;1;2;1;1;2;1;1;1;1;2;1;1;1;2;1;1;2;3;3;2;3;4;2;Psychologia;1;4;1994;1
s122;2;2;2;1;2;2;2;2;2;2;2;1;1;1;1;2;1;1;1;1;1;2;1;1;2;1;1;2;1;2;1;1;2;1;2;1;2;2;1;2;1;2;1;2;1;1;2;1;2;2;1;2;1;5;3;2;5;4;2;Psychologia;1;2;1993;1
s123;3;1;3;1;1;1;2;2;3;1;2;1;1;1;2;1;1;1;2;1;1;1;3;1;1;1;2;1;2;2;2;2;1;2;1;1;2;2;1;2;2;2;1;1;2;2;2;2;1;2;1;1;2;9;3;3;6;5;2;Psychologia;2;3;1992;1
s124;2;2;3;3;3;1;3;3;3;1;3;1;1;1;3;3;3;3;3;1;3;3;1;1;1;2;1;2;2;1;2;1;2;1;2;1;2;2;1;;;;;;;;;;;;;;;5;3;3;5;5;2;Psychologia;3;4;1993;1
s125;2;2;3;3;3;3;2;2;1;2;1;1;1;1;2;1;1;1;3;1;1;3;1;1;2;1;1;1;2;1;1;1;2;1;2;2;2;1;1;2;2;1;1;2;1;2;1;2;1;2;1;1;2;7;3;2;6;6;2;Psychologia;1;4;1994;1
s126;2;3;2;2;2;1;2;3;2;2;2;1;1;1;2;3;1;3;3;2;3;3;1;1;1;2;2;1;2;2;1;1;2;2;1;2;1;1;1;1;2;1;1;1;2;;2;;1;2;;1;;7;;;5;5;;;;;;
s127;2;3;2;3;3;1;2;1;1;1;2;3;1;1;3;1;2;1;3;1;1;3;1;1;1;1;2;1;1;2;1;1;2;1;1;2;2;2;1;2;2;1;2;1;2;1;1;2;1;2;2;2;2;5;4;3;3;4;2;Psychologia;2;4;1993;1
s128;1;2;2;2;2;2;3;1;1;1;2;1;1;1;2;2;1;1;3;1;1;2;1;1;1;2;1;2;1;1;1;1;2;2;1;1;1;1;1;1;2;2;1;2;2;2;1;1;2;1;2;2;1;3;2;1;3;4;;;;;;
s129;2;2;3;3;3;2;2;1;3;3;3;1;1;1;2;3;3;2;1;1;1;2;1;1;2;1;2;1;2;2;2;1;2;1;2;1;2;1;2;2;1;1;2;1;1;2;1;2;2;2;2;2;2;2;4;2;4;5;;;;;;
s130;2;1;1;2;1;2;2;2;2;2;1;1;2;1;1;1;1;2;1;1;1;3;2;1;2;2;1;1;1;2;1;1;2;1;1;2;2;2;1;1;1;2;2;1;2;2;1;1;1;2;1;1;2;4;3;1;5;5;2;Psychologia;1;4;1993;1
s131;2;2;2;1;1;1;2;2;2;1;2;1;1;2;1;3;1;2;1;1;1;3;1;1;1;1;2;2;2;1;2;1;2;1;2;1;2;1;1;2;2;1;2;1;1;2;1;1;1;2;2;1;2;3;3;1;3;5;3;Inżynieria Biomedyczna;2;3;1993;1
s132;2;2;2;1;2;1;2;2;2;1;2;1;1;1;2;1;1;1;3;1;1;2;1;1;1;1;1;1;2;2;1;1;1;1;1;1;1;1;1;1;1;1;2;1;1;1;1;1;1;2;1;1;2;7;;4;3;5;3;Inżynieria Biomedyczna;3;3;1990;1
s133;3;;1;2;1;2;1;2;2;1;1;1;2;2;2;1;1;3;1;1;1;2;3;1;2;1;1;2;1;1;2;1;2;1;1;1;2;2;1;2;1;1;1;1;2;2;1;2;1;2;1;2;2;2;3;2;5;6;3;Inżynieria Biomedyczna;2;4;1993;2
s134;2;2;2;1;3;1;2;3;2;2;3;1;1;1;1;1;3;1;3;1;1;2;1;1;1;1;2;2;1;2;2;1;2;1;1;1;1;2;1;2;1;1;1;1;1;2;1;1;1;1;1;1;2;5;3;4;4;4;3;Inżynieria Biomedyczna;2;2;1993;1
s135;2;2;2;1;1;1;2;2;2;1;2;1;1;1;2;1;1;1;2;2;2;1;1;1;2;1;2;1;1;2;1;1;2;1;1;1;2;1;1;2;1;1;1;1;1;1;1;2;1;2;1;1;2;;3;3;3;3;3;Inżynieria Biomedyczna;1;1;1993;1
s136;2;2;2;1;1;1;2;2;1;1;2;1;1;1;1;1;1;1;1;1;1;1;1;1;2;1;2;2;1;2;1;1;2;1;1;1;2;2;1;1;1;2;1;1;1;2;1;1;1;2;2;1;2;6;3;3;4;3;3;Inżynieria Biomedyczna;1;1;1994;1
s137;2;2;2;1;2;1;2;1;2;1;2;1;1;1;1;2;3;1;3;1;1;3;1;1;2;1;2;1;2;2;1;2;2;1;1;1;1;2;1;2;2;2;2;2;2;1;1;2;2;2;1;1;2;6;2;2;6;5;3;Inżynieria Biomedyczna;2;4;1993;1
s138;2;3;2;1;3;1;2;2;2;1;2;1;1;1;1;1;3;1;3;1;1;1;1;1;2;2;1;1;2;1;1;1;2;1;1;2;2;1;1;2;2;1;2;1;2;1;1;2;2;2;1;1;2;7;2;3;4;4;3;Inżynieria Biomedyczna;2;3;1993;1
s139;2;2;2;2;2;1;1;1;2;1;2;3;1;1;2;1;3;1;3;1;1;3;1;1;1;2;1;1;1;2;1;1;2;1;1;1;2;1;1;2;2;2;1;1;1;1;2;2;1;1;2;1;2;3;;;3;4;3;Inżynieria Biomedyczna;2;1;1993;2
s140;2;2;3;2;2;2;1;1;2;2;1;3;3;1;;;;;;;;;;1;1;2;1;1;2;2;1;1;1;;2;1;1;1;1;2;2;1;1;1;2;1;1;1;1;2;1;2;2;2;3;4;4;5;3;Inżynieria Biomedyczna;3;3;1993;1
s141;2;2;2;2;1;1;2;1;2;1;2;1;1;1;2;1;1;1;1;1;1;2;1;1;1;2;1;1;1;2;1;2;2;2;1;1;2;2;2;2;1;2;1;1;2;1;1;1;2;1;1;1;2;5;3;3;5;5;3;Inżynieria Biomedyczna;2;2;1993;1
s142;2;1;2;2;2;3;3;2;2;1;2;1;1;1;2;1;1;3;3;1;1;3;2;1;1;2;2;2;1;2;1;1;1;1;2;1;2;2;2;2;2;2;2;1;2;2;2;1;1;2;1;1;2;5;3;4;5;5;3;Inżynieria Biomedyczna;2;1;1993;1
s143;2;1;2;2;1;2;2;2;2;2;2;1;1;1;2;1;1;1;1;1;1;2;3;1;2;2;2;1;1;2;2;1;2;1;1;1;2;2;1;1;2;1;1;1;2;1;1;1;1;2;1;1;2;3;3;2;3;3;3;Inżynieria Biomedyczna;3;1;1993;2
s144;2;2;2;2;1;1;3;2;1;1;2;2;1;1;1;3;3;1;1;1;1;2;3;1;2;2;2;2;2;2;2;1;2;2;1;2;2;1;1;2;2;2;1;1;2;2;1;1;2;1;1;1;2;3;4;2;5;5;3;Inżynieria Biomedyczna;3;4;1993;2
s145;2;2;2;2;1;1;2;1;2;1;2;1;1;1;2;1;1;1;1;1;1;2;2;1;1;1;1;1;2;1;2;1;1;1;1;1;2;2;1;2;1;2;1;1;1;1;1;1;1;2;1;1;2;6;3;2;5;5;3;Inżynieria Biomedyczna;1;1;1993;2
s146;2;1;;1;3;1;3;2;1;3;2;1;1;1;2;1;1;1;1;1;1;2;1;1;1;1;1;2;2;1;1;1;1;2;2;2;1;2;1;2;1;1;2;1;1;1;1;2;1;2;1;1;2;5;;;5;5;3;Inżynieria Biomedyczna;;4;1994;1
s147;2;1;2;1;1;1;2;2;1;1;2;1;1;1;1;1;1;1;1;1;2;2;2;1;1;1;1;1;2;2;1;1;1;2;1;1;1;1;2;2;1;1;2;1;2;1;2;1;1;1;1;2;2;4;4;3;5;4;3;Inżynieria Biomedyczna;1;3;1993;2
s148;2;1;2;1;2;2;2;2;2;1;2;1;2;1;2;1;1;1;1;1;1;2;1;1;2;1;2;2;1;2;1;1;1;2;1;1;2;1;1;2;2;1;1;2;1;2;1;1;1;2;1;1;2;5;3;3;5;5;3;Inżynieria Biomedyczna;2;2;1993;1
s149;2;2;2;2;1;1;3;1;2;2;1;1;2;2;3;1;1;1;1;1;1;2;2;1;2;1;2;1;2;2;2;1;2;1;1;1;2;2;1;2;1;2;1;1;2;1;2;1;2;2;2;2;2;3;3;3;3;6;4;Europeistyka;3;4;1991;2
s150;2;1;2;1;1;1;2;2;;2;2;1;3;3;2;2;3;3;2;1;1;3;2;1;2;2;2;2;1;2;2;1;2;2;1;1;2;1;1;1;1;1;1;1;2;1;1;2;2;2;1;2;2;7;2;2;;;4;;2;1;1992;1
s151;2;1;2;1;1;3;3;2;2;2;2;1;3;1;1;1;1;3;2;2;2;2;2;1;1;1;2;2;1;2;2;1;2;2;1;1;1;2;2;2;1;2;1;1;2;1;1;1;1;2;1;1;2;7;2;2;5;4;4;Europeistyka;3;2;1971;1
s152;2;2;2;1;1;1;2;1;1;1;1;1;2;1;2;1;1;1;1;1;1;3;1;1;1;1;1;1;2;1;1;1;2;2;1;2;2;1;1;2;2;2;1;2;1;2;1;1;2;2;2;1;1;3;3;4;4;5;4;Europeistyka;3;4;1991;2
s153;2;2;2;1;2;2;2;1;3;1;2;3;1;1;1;1;2;1;3;1;1;3;1;1;1;2;1;1;1;2;2;2;2;1;1;1;2;1;1;2;1;1;2;1;2;1;1;2;2;1;1;1;1;5;4;3;3;3;4;Europeistyka;2;2;1994;2
s154;1;2;2;1;1;1;2;3;2;1;2;1;2;1;2;1;1;1;2;1;2;2;2;1;1;1;2;2;2;2;2;1;2;1;1;1;2;2;1;2;2;1;1;1;2;1;2;1;1;2;1;1;2;3;2;4;4;4;4;Europeistyka;3;2;1987;1
s155;2;1;2;1;;1;2;1;2;1;2;1;1;1;1;1;1;1;1;3;2;2;1;2;1;2;2;1;2;1;1;1;1;2;1;2;1;2;1;1;1;1;2;1;1;2;1;2;1;2;1;2;1;5;3;1;3;3;4;Europeistyka;2;4;1992;1
s156;2;1;3;1;2;1;2;1;2;3;2;1;3;1;3;1;3;1;1;2;2;3;2;1;1;2;1;2;1;1;1;2;1;2;2;1;2;1;2;2;2;1;2;1;1;1;;2;1;2;1;2;1;5;4;2;3;3;4;Europeistyka;1;3;1992;1
s157;2;2;2;1;2;2;2;1;1;1;2;2;1;1;2;1;1;1;2;1;1;2;1;1;2;1;2;1;1;2;1;1;1;2;2;1;1;2;1;1;1;1;2;1;2;1;2;1;1;2;1;1;2;6;2;3;5;4;1;Europeistyka;3;4;;1
s158;2;2;2;1;2;1;2;2;2;1;2;1;1;1;1;1;1;1;1;1;1;3;1;1;1;2;1;1;1;2;1;1;2;2;1;2;2;2;2;1;1;1;1;1;2;2;1;1;1;2;2;2;2;5;3;2;3;5;4;Europeistyka;3;4;1992;1
s159;2;1;2;3;1;2;2;1;3;1;2;1;3;1;1;1;1;2;3;3;2;3;1;1;2;1;1;2;2;1;1;2;2;1;1;2;2;2;1;2;2;2;1;2;1;1;1;2;2;2;1;2;2;2;4;2;3;5;4;Europeistyka;1;4;1993;1
s160;2;3;2;2;2;1;2;2;2;2;1;2;2;1;1;1;1;3;1;1;1;2;2;1;2;1;1;2;2;2;2;2;1;2;1;1;2;2;1;2;1;2;1;1;2;2;2;1;1;2;1;1;2;3;3;3;3;4;4;Europeistyka;2;1;1990;1
s161;2;2;2;1;1;1;2;2;1;2;1;1;1;1;2;1;2;1;2;1;1;2;1;1;;2;1;1;2;2;1;2;2;1;1;2;2;2;1;1;1;2;2;1;2;1;1;2;1;2;1;1;1;3;3;3;4;5;4;Europeistyka;2;1;1991;1
s162;2;1;2;2;1;2;2;2;2;1;2;2;1;1;2;1;1;1;1;2;2;1;1;1;1;2;1;1;1;1;1;2;2;2;1;1;2;2;1;1;1;1;2;1;1;1;1;1;2;2;2;1;2;5;3;3;4;4;4;Europeistyka;3;2;1991;1
s163;;;;;;;;;;;;;;;;;;;;;;;;1;2;1;2;1;2;1;2;1;2;1;2;1;2;1;1;2;2;1;1;2;1;2;1;2;1;2;1;2;1;5;2;2;5;5;1;;1;1;1992;1
s164;2;;2;2;1;1;2;3;2;2;2;1;3;1;1;1;1;1;3;3;3;3;2;1;2;1;2;2;2;2;2;1;1;1;1;2;1;2;1;2;2;1;1;1;2;2;1;1;2;2;1;1;2;5;;;5;5;4;Europeistyka;3;2;1991;2
s165;2;2;2;1;1;1;2;2;2;1;2;2;1;1;2;3;1;1;2;1;2;3;1;1;2;2;2;1;2;2;1;1;1;2;1;1;2;1;2;2;1;1;2;2;2;1;1;2;2;1;1;2;2;6;2;3;3;4;4;Europeistyka;2;1;1992;2
s166;2;1;2;1;1;1;1;2;3;1;3;1;1;1;1;1;1;1;1;1;2;3;1;1;1;2;1;1;1;;1;1;2;1;1;2;1;2;1;1;2;2;2;1;1;2;1;1;1;1;1;2;1;7;;;5;4;4;Europeistyka;1;1;1985;2
s167;2;1;3;1;1;1;2;2;3;1;2;1;1;1;2;1;1;2;3;1;1;3;1;2;1;1;1;1;2;1;1;1;2;2;1;2;1;2;1;1;1;2;1;1;1;2;1;1;1;2;2;1;2;4;3;2;5;5;5;Turystyka i Rekreacja;3;4;1990;2
s168;1;2;2;1;2;1;2;3;2;1;2;1;1;1;1;1;1;1;1;1;3;3;1;1;1;1;1;1;2;2;1;1;2;2;2;2;2;1;1;1;1;1;1;2;2;1;1;1;1;2;2;1;1;5;2;2;3;4;4;Europeistyka;1;1;1992;1
s169;2;1;3;2;1;3;3;1;2;2;2;1;2;1;3;1;1;3;2;1;1;3;2;1;2;1;2;2;2;;2;1;2;1;1;1;2;2;1;2;1;2;1;1;2;2;1;1;1;2;1;1;2;6;3;2;3;3;4;Europeistyka;3;1;1992;2
s170;2;1;2;2;1;2;2;1;2;2;2;2;1;1;1;1;1;1;1;2;2;2;1;1;2;2;2;2;1;2;2;1;2;1;1;1;2;2;1;1;1;2;1;1;2;2;1;1;1;2;1;1;2;4;3;1;4;5;4;Europeistyka;3;4;1992;1
s171;2;1;2;2;2;1;2;2;2;1;2;1;1;1;2;1;1;1;1;1;1;2;1;1;1;1;2;1;1;2;1;1;2;2;1;2;2;2;1;2;1;1;1;1;2;2;1;1;1;1;1;1;2;5;3;2;5;4;5;Lingwistyka Stosowana;3;4;1990;1
s172;2;3;2;3;2;2;2;2;2;1;2;1;2;1;2;1;1;1;1;1;1;2;1;1;1;2;1;2;1;2;2;1;2;1;1;2;1;2;1;2;2;2;1;1;2;2;1;1;1;1;1;1;2;6;3;3;5;5;5;Lingwistyka Stosowana;3;4;1991;1
s173;2;1;2;1;3;3;2;1;3;2;2;1;1;3;3;1;3;3;2;1;2;2;3;1;1;2;1;1;2;2;1;1;1;2;2;1;2;2;1;2;1;2;2;1;1;2;2;1;1;2;2;2;2;6;3;3;5;5;1;Lingwistyka Stosowana;1;1;1996;1
s174;2;3;2;3;3;1;2;1;3;1;2;1;1;1;3;1;3;1;3;3;3;3;1;1;1;2;2;1;1;1;1;1;2;2;1;1;2;1;1;1;2;1;2;1;1;2;1;1;2;2;1;1;2;5;3;4;5;5;1;Lingwistyka Stosowana;1;4;1994;1
s175;2;2;2;1;1;1;2;1;2;1;2;1;1;1;2;1;1;1;2;2;2;3;1;1;2;1;1;1;1;1;2;1;2;2;1;1;1;2;1;2;1;2;1;1;2;1;1;1;2;;1;2;2;8;2;2;4;5;1;Lingwistyka Stosowana;2;3;1995;2
s176;2;2;2;1;3;1;2;2;1;2;2;2;1;1;2;2;3;1;3;2;2;3;1;1;1;1;1;2;2;2;2;1;2;2;2;1;2;2;1;1;1;2;1;1;2;2;2;1;2;2;1;1;2;7;2;2;4;4;4;Turkologia;3;2;1991;1
g1;1;3;3;2;2;1;1;3;1;3;2;2;1;2;3;2;3;1;2;1;1;3;1;1;2;2;1;2;1;2;1;1;2;1;1;2;2;2;1;2;2;2;2;1;2;1;1;2;1;2;1;1;2;4;3;1;5;5;1;SGH_ogolne;2;3;95;1
g2;1;2;1;2;2;1;1;1;2;2;1;2;2;2;2;2;2;2;2;2;2;3;3;1;2;2;2;1;2;2;2;1;2;2;1;1;2;2;1;2;1;2;2;1;2;1;2;1;1;2;1;1;2;5;3;2;5;5;2;msg;2;4;93;1
g3;2;1;2;2;1;2;2;1;1;2;2;1;1;1;2;1;1;2;1;1;1;2;1;1;2;1;1;1;2;2;2;1;2;1;1;1;1;2;1;2;1;1;1;1;2;2;2;1;1;2;1;1;2;2;3;2;4;4;2;FIR;2;4;94;2
g4;2;2;3;1;1;1;2;1;3;2;2;3;3;1;2;1;1;2;1;1;1;2;3;2;1;1;2;2;2;2;2;1;2;1;2;1;1;1;1;2;2;1;2;1;2;1;1;1;2;2;1;1;2;4;3;2;5;5;1;SGH ogólne;2;3;95;1
g5;2;1;2;2;2;2;1;2;brak;2;2;1;1;1;2;1;brak;1;1;1;2;1;1;1;1;2;2;2;1;2;2;1;2;brak;1;2;1;1;1;2;1;2;1;2;2;1;brak;2;2;1;1;1;2;3;2;3;4;4;1;SGHog;1;2;95;1
g6;1;1;2;1;1;2;1;2;2;2;2;1;2;2;2;2;2;1;1;1;1;2;2;1;2;2;2;1;2;2;2;1;2;2;1;1;1;1;1;1;1;2;2;1;2;2;1;1;1;2;1;1;2;5;3;2;5;5;3;miesi;2;1;93;2
g7;2;2;2;1;1;1;2;2;2;1;2;1;1;1;2;1;1;1;1;1;1;1;1;1;1;2;1;1;1;2;1;1;brak;1;1;1;1;2;1;1;2;1;2;1;1;1;1;1;1;1;1;2;1;6;3;2;5;6;3;zarządzanie;2;5;93;1
g8;2;2;2;1;2;2;2;2;1;2;2;1;2;1;2;2;1;1;3;1;1;3;2;1;2;1;2;2;1;2;1;1;2;2;1;1;2;2;1;1;1;1;2;1;2;2;1;1;1;2;2;1;2;4;brak;brak;3;5;2;fir;2;4;93;1
g9;2;1;1;1;1;1;2;2;3;1;2;1;3;1;1;3;1;1;3;2;3;3;1;;;;;;;;;;;;;;;;;;;;;;;;;;;;;;;;;;;;;;;;;
g10;2;3;2;2;1;2;3;3;2;2;1;3;2;1;2;1;3;b;1;1;1;2;1;1;1;2;2;1;1;2;1;1;2;2;1;1;2;2;1;2;1;2;1;1;2;b;2;1;1;2;2;1;2;3;4;3;3;5;1;sgho;1;2;95;1
g11;1;1;1;2;1;2;2;1;2;2;1;3;3;1;1;1;1;2;1;1;1;2;3;1;2;1;2;1;2;1;2;1;2;2;1;1;2;2;1;2;1;2;1;1;2;2;1;1;1;1;1;1;2;3;3;2;5;5;3;fir;1;4;93;2
g12;2;1;2;2;3;3;3;2;3;2;2;1;1;1;2;1;1;1;1;3;3;3;3;1;2;1;2;1;2;2;1;1;2;2;1;1;1;2;a;2;1;1;2;1;2;2;1;1;1;2;1;2;2;4;3;1;5;5;3;zarz;1;3;92;1
g13;1;2;2;3;1;1;2;3;1;2;2;2;1;1;2;1;1;1;3;1;1;2;1;1;2;1;2;2;2;2;2;1;2;2;1;1;2;2;1;2;1;2;1;1;2;2;2;1;1;2;1;1;2;4;3;2;4;5;3;fir;2;1;93;1
g14;2;2;1;2;1;1;1;2;1;2;a;1;3;1;2;1;1;2;3;3;1;2;1;1;2;1;2;2;1;2;1;1;1;2;1;1;1;2;2;1;1;1;2;1;1;1;2;1;1;2;1;1;1;6;3;2;5;5;1;sgho;3;3;95;1
g15;2;2;2;2;1;2;2;2;2;1;2;1;1;1;2;1;1;2;1;1;1;2;1;1;1;2;2;1;1;2;1;2;2;1;1;1;1;2;1;2;1;1;1;1;2;1;2;1;1;1;1;1;2;6;2;3;4;5;2;fir;2;1;94;1
g16;2;2;2;2;1;1;1;1;2;2;3;1;1;1;2;2;1;2;1;1;1;2;2;1;1;1;2;2;2;2;2;1;1;2;1;1;2;2;1;2;1;2;1;1;2;1;1;1;1;2;1;1;2;4;4;2;5;5;2;fir;3;4;93;2
g17;2;2;2;2;1;3;1;1;1;2;2;2;2;1;2;1;1;1;1;1;1;2;1;1;1;1;2;2;2;2;2;1;1;1;1;1;2;2;1;2;2;1;2;1;2;2;1;2;1;1;1;1;2;2;3;2;2;2;2;euro;2;1;94;2
g18;2;2;2;1;1;2;2;3;3;1;1;1;1;1;2;1;3;1;1;1;1;3;3;1;2;2;1;2;2;1;1;2;2;2;1;2;2;1;2;2;2;1;1;1;2;1;1;1;2;2;1;2;1;7;b;bb;4;4;2;ener;2;2;94;2
g19;2;1;2;1;1;a;3;1;2;1;3;1;1;1;2;1;1;1;1;1;1;2;2;1;1;1;1;1;2;2;1;1;2;1;1;2;1;2;1;1;2;2;2;1;1;2;1;2;1;1;2;1;2;6;3;2;5;5;2;ener;3;2;94;2
g20;2;1;2;2;1;2;2;3;2;1;2;1;1;1;1;1;1;2;1;1;1;3;1;1;1;2;1;1;2;2;1;1;2;1;2;1;1;2;1;2;2;2;1;1;2;1;2;2;1;1;2;1;2;5;3;1;5;5;2;ener;3;2;94;2
g21;3;2;1;2;1;2;3;1;1;3;3;2;3;1;2;1;1;3;1;1;1;2;1;1;2;1;1;2;1;1;1;1;2;1;1;1;2;2;1;2;1;2;1;1;1;2;1;1;2;1;2;1;1;3;3;3;4;4;2;ener;1;1;94;2
g22;2;2;2;2;1;1;1;2;1;2;1;1;2;1;2;1;1;1;1;1;1;2;2;1;2;2;1;2;1;2;2;1;a;2;1;1;1;2;1;2;1;2;1;1;2;2;2;1;1;2;2;1;2;3;3;3;5;4;2;energ;1;4;94;2
g23;2;2;2;2;2;2;3;1;2;1;1;1;2;2;3;2;1;1;1;1;1;3;1;1;2;2;1;1;1;2;2;1;1;2;2;1;1;1;1;1;1;1;2;1;2;2;2;1;2;1;2;1;2;3;b;b;b;b;2;enrg;b;b;b;b
g24;2;2;2;2;1;1;2;2;2;2;2;1;1;3;2;1;1;1;3;1;1;2;1;1;2;2;1;2;1;1;1;1;2;2;1;1;1;1;1;1;1;2;1;1;2;2;1;a;1;1;2;2;2;5;2;2;3;5;2;fir;1;4;93;1
g25;2;1;1;1;1;2;2;2;3;2;2;2;1;1;1;1;1;1;1;1;1;2;2;1;2;1;1;2;2;2;2;1;1;2;1;1;a;2;1;2;2;1;1;1;2;2;1;1;1;1;1;1;2;3;1;3;3;5;2;energ;1;2;94;2
g26;2;1;2;1;2;1;2;3;2;1;3;1;1;1;1;1;3;1;1;1;1;1;2;1;1;2;1;1;1;2;2;1;2;1;1;1;2;1;1;2;1;1;2;1;2;2;1;2;1;2;2;1;1;4;a;a;a;a;2;energ;3;4;95;2
g27;2;2;2;2;1;1;1;2;1;2;1;1;2;2;2;2;1;2;1;1;1;1;1;1;2;2;1;2;1;1;1;2;2;1;1;1;2;1;1;2;1;2;1;1;2;1;1;2;1;2;1;1;1;3;3;1;5;5;2;zarz;3;3;91;1
g28;2;3;2;2;2;3;2;1;2;2;3;3;3;2;1;1;3;1;1;3;1;2;1;1;1;1;2;2;2;1;1;2;2;2;1;1;2;1;1;2;1;1;1;1;2;1;2;2;1;1;2;1;2;a;a;a;a;a;2;energ;1;2;a;a
g29;2;2;1;2;2;2;1;1;1;2;1;2;1;1;2;2;1;1;1;1;1;2;1;1;1;2;1;2;1;1;2;1;2;2;1;1;2;1;1;2;2;1;1;1;1;2;1;1;1;2;1;1;2;2;3;3;5;5;2;energ;2;2;94;2
g30;2;2;3;2;1;1;1;1;2;2;1;2;2;1;2;1;1;2;1;1;1;1;3;1;2;2;2;2;2;1;2;1;1;2;1;1;1;2;1;2;2;2;1;1;2;1;2;1;1;1;1;1;2;3;3;3;5;5;2;energ;1;2;94;2
g31;2;2;3;1;3;2;2;2;3;1;2;1;1;1;2;3;1;1;1;3;3;2;1;1;1;2;1;2;1;1;1;2;1;1;2;2;1;1;1;2;2;2;1;1;1;1;2;1;1;1;2;1;1;5;2;2;3;4;2;energ;2;2;94;2
g32;3;1;1;3;1;2;2;1;3;1;1;1;1;3;1;1;2;3;1;1;1;2;3;1;2;2;1;1;2;1;1;1;2;1;2;1;2;2;2;2;1;2;1;1;1;1;2;1;1;2;1;1;2;4;3;3;4;4;2;energ;2;3;94;1
g33;2;3;2;2;1;1;2;1;2;1;1;1;2;1;2;1;1;1;1;1;1;3;3;1;2;1;1;1;1;2;1;1;2;2;1;1;2;2;1;1;2;2;1;1;2;1;2;1;1;2;2;1;2;2;a;a;5;5;2;ener;b;2;94;1
g34;2;1;2;2;1;3;2;2;1;1;3;1;1;1;1;1;2;3;1;1;1;2;1;1;1;2;1;1;1;1;1;1;2;1;1;1;1;2;1;1;1;1;2;1;1;2;2;1;1;1;1;2;2;1;4;b;b;b;2;energ;b;1;94;1
g35;2;1;2;2;3;2;2;1;2;1;1;1;3;1;2;1;1;1;3;1;2;3;2;1;2;1;1;2;2;1;1;1;2;1;2;1;2;1;2;1;2;1;2;1;2;1;2;1;2;1;2;1;2;6;3;2;5;5;2;energ;b;2;94;2
g36;1;1;1;2;1;2;2;2;1;2;3;2;3;3;2;1;2;3;1;1;1;2;3;1;2;1;1;1;2;2;2;1;1;2;1;1;2;b;b;b;b;b;b;b;2;1;a;a;a;2;1;1;2;9;2;2;2;4;2;energ;2;2;94;1
g37;2;2;2;2;1;1;2;1;1;1;2;1;1;1;2;1;2;2;3;1;1;3;1;1;2;1;1;1;2;2;2;1;1;2;1;2;2;1;2;2;1;1;2;1;1;1;2;2;1;1;1;1;2;5;2;3;5;4;2;energ;2;3;94;2
g38;2;2;2;1;2;1;2;2;2;1;1;1;1;1;2;1;1;1;1;1;1;2;1;1;1;2;1;1;2;2;1;1;2;1;1;2;1;1;1;2;1;1;2;1;1;1;2;1;1;2;1;2;1;4;3;2;3;4;2;energ;a;1;1;
g39;2;1;2;2;1;2;1;2;1;2;3;1;2;1;1;1;1;2;1;1;1;2;2;1;1;1;1;2;1;2;1;1;2;2;1;2;2;1;1;2;1;2;2;1;1;2;;;;;;;;3;3;4;5;5;2;energ;2;4;94;2
g40;1;2;1;2;1;2;1;2;1;2;1;3;2;1;3;2;1;2;1;1;1;2;2;1;2;2;1;1;2;1;2;1;1;;1;1;;2;2;2;;1;1;1;1;;;;1;;;1;;2;4;3;3;4;2;energ;1;;94;2
g41;2;2;2;2;3;1;2;2;2;1;2;1;1;1;2;3;3;1;2;1;1;3;1;1;1;2;1;1;1;2;2;1;1;2;1;1;2;1;1;2;2;1;2;1;2;2;1;1;1;2;1;1;2;6;apolityczny;apolityczny;5;5;2 energ;2;2;2;94;2
g42;2;2;1;1;2;2;1;2;1;1;1;1;1;1;1;2;1;1;2;1;1;1;1;1;2;1;2;1;2;2;1;1;2;2;1;1;2;1;1;2;2;2;2;1;2;1;1;2;1;1;1;1;2;4;4;brak;5;5;2;energetyka;1;2;94;1
g43;2;2;2;2;1;2;1;2;2;2;1;1;2;1;2;2;1;1;1;1;1;1;1;1;;1;2;2;2;2;2;1;2;1;1;1;2;2;1;1;2;1;2;1;2;2;1;2;2;2;1;1;1;1;3;3;6;6;2;energetyka;1;3;94;2
g44;2;2;2;2;2;1;2;2;1;2;2;1;1;1;2;1;1;1;1;1;1;2;1;1;2;2;1;1;2;2;2;1;1;2;1;2;2;2;1;2;1;1;1;1;2;2;1;1;1;2;1;1;2;3;3;3;5;5;2;energetyka;1;4;94;2
g45;2;3;2;2;1;3;2;1;2;3;2;1;2;1;2;1;2;3;1;1;1;2;1;1;1;;;;;;2;1;2;;1;2;;2;1;2;1;1;1;1;2;;1;1;1;;1;1;2;6;3;3;5;3;2;energetyka;1;1;94;2
g46;2;2;2;2;2;1;1;1;2;2;2;1;2;1;2;2;1;1;2;1;1;2;1;1;1;1;2;1;2;1;2;2;1;2;1;2;2;1;1;2;2;1;2;1;1;2;1;2;1;1;2;2;2;8;3;4;;3;2;energetyka;3;4;92;1
g47;2;3;2;2;1;1;2;2;3;1;2;1;3;1;3;1;3;1;3;1;3;3;1;1;1;1;1;1;2;1;1;1;2;1;1;1;1;1;2;1;1;2;2;1;2;1;1;1;2;2;1;2;2;;;;3;5;2;energetyka;1;2;94;1
g48;2;1;2;2;1;2;2;2;2;1;2;1;1;1;1;1;1;1;2;1;1;2;1;1;1;1;2;1;1;1;2;1;1;2;1;1;2;2;1;2;2;1;;;;;;;;;;;;;;;;;;;;;;
g49;2;2;1;2;3;1;3;1;2;2;2;1;1;1;2;3;1;1;3;1;3;3;1;1;2;1;1;1;1;2;2;1;2;2;1;1;1;1;2;1;1;2;1;1;1;1;2;1;2;2;2;1;1;;;;;;2;energetyka;;;;
g50;1;1;3;2;1;2;2;1;1;2;1;2;3;1;2;1;1;2;1;1;1;2;2;1;1;2;1;2;1;2;2;2;1;2;1;;1;;;;;;;;;;;;;;;;;;3;3;5;4;2;energetyka;2;4;93;2
g51;2;2;1;2;1;2;1;1;2;2;1;1;2;1;2;1;1;1;1;1;1;2;2;1;1;2;1;1;2;2;2;1;2;2;1;1;2;2;1;1;2;2;1;1;2;2;1;1;1;2;1;1;2;0;4;1;5;5;2;energetyka;3;1;93;1
g52;2;2;2;2;1;3;3;1;3;3;3;1;3;1;2;1;1;3;1;1;1;3;3;1;2;1;1;1;;;;;;;;;;;;;;;;;;;;;;;;;;;;;;;2;energetyka;2;2;94;2
g53;2;1;2;2;1;2;;1;3;2;2;2;3;1;;1;1;3;1;2;2;2;2;1;;;;;;;;;;;;;;;;;;;;;;;;;;;;;;;;;;;2;energetyka;;;;
g54;2;1;2;1;2;1;2;2;1;1;2;1;3;1;1;1;1;1;1;2;1;2;1;1;;;;;;;;;;;;;;;;;;;;;;;;;;;;;;;;;;;2;energetyka;;;;
g55;1;1;2;2;1;2;1;1;1;2;1;3;3;;2;1;1;3;1;1;1;2;3;1;1;;1;1;;2;2;2;1;2;1;1;2;2;1;2;2;2;2;1;2;2;2;2;1;2;1;2;2;;;;;;2;energetyka;;;;
g56;2;1;2;2;3;2;1;3;3;2;1;1;3;3;3;1;1;3;1;1;1;3;1;1;1;2;1;2;2;2;2;1;1;1;1;1;1;1;1;2;1;2;1;1;2;1;1;2;1;2;1;2;2;;;;;;2;energetyka;;;;
g57;2;1;2;1;3;1;2;2;2;1;2;3;1;1;2;1;1;1;3;2;2;2;1;1;1;2;1;1;2;1;2;1;2;1;1;2;1;2;;;;;;;;;;;;;;;;;;;;;2;energetyka;;;;
g58;2;1;1;1;1;1;2;2;3;1;2;1;3;1;1;3;1;1;3;2;3;3;1;;;;;;;;;;;;;;;;;;;;;;;;;;;;;;;;;;;;2;energetyka;;;;
g59;2;1;1;2;2;3;1;1;2;1;3;1;1;1;2;2;2;2;2;2;2;3;1;1;2;2;1;1;1;1;2;1;2;;1;1;;1;1;2;1;1;1;1;2;1;;;;;;;;2;4;2;;;2;energetyka;;;;
g60;2;1;3;2;1;1;2;3;2;1;2;1;1;1;2;1;1;1;1;1;1;2;3;1;2;1;1;2;2;1;1;2;1;1;2;1;2;1;2;2;1;2;2;1;2;1;2;1;2;2;1;1;2;7;;;;;2;energetyka;;;;
g61;1;1;2;2;1;2;1;2;2;1;2;2;2;1;2;1;1;3;2;1;1;2;1;1;2;1;2;2;2;2;2;1;2;1;1;1;1;2;1;1;1;1;1;1;2;1;1;1;1;1;2;1;2;;;;;;2;energetyka;;;;
g62;2;2;2;2;1;2;1;3;2;3;1;1;2;3;2;1;1;1;1;1;1;2;1;1;1;2;1;2;1;2;2;1;1;;1;;;2;2;2;1;2;1;1;2;;;1;1;2;1;1;2;;;;;;2;energetyka;;;;
g63;2;3;2;3;2;1;2;1;2;2;2;1;1;1;3;1;3;1;1;2;1;2;1;1;1;1;1;1;1;;;;;;;;;;;;;;;;;;;;;;;;;;;;;;2;energetyka;;;;
g64;2;1;3;2;3;2;2;2;2;1;2;1;3;1;2;3;1;2;3;2;1;3;1;1;1;2;2;1;2;2;2;1;2;2;1;1;1;2;1;2;2;2;1;1;2;1;1;1;1;2;1;1;1;6;3;2;3;4;2;energetyka;2;2;94;2
g65;2;1;2;2;2;1;3;1;1;1;2;1;2;1;3;1;1;1;1;1;1;2;1;1;1;2;2;2;1;1;2;1;2;1;1;1;1;2;1;2;1;1;1;1;2;1;2;1;1;2;1;1;2;4;4;4;5;6;2;energetyka;1;3;94;1
g66;2;2;1;2;1;2;1;1;1;2;1;2;3;1;1;1;1;2;1;1;1;2;2;1;2;1;2;1;2;2;1;1;1;1;1;1;1;2;2;2;1;2;2;1;2;2;2;1;1;1;1;1;2;2;3;4;4;4;2;energetyka;1;2;94;2
g67;2;1;2;1;3;1;2;3;2;2;3;2;3;1;2;1;3;3;1;3;3;2;3;1;2;2;1;1;2;2;2;1;2;1;1;1;2;1;2;2;1;2;1;1;2;2;1;1;1;2;1;1;1;5;3;2;5;5;2;energetyka;2;2;94;1
g68;2;2;2;1;3;1;2;2;2;1;2;1;1;1;2;3;1;1;3;1;1;3;1;1;2;;1;2;2;2;1;1;2;;2;;;;;;;;;;;;;;;;;;;8;;;6;5;2;energetyka;1;2;94;1
g69;2;1;2;2;2;1;3;2;2;1;3;1;3;1;2;3;1;1;1;1;1;3;3;1;2;2;1;1;2;1;1;1;2;1;1;1;2;2;1;;;;;;;;;;;;;;;;;;;;2;energetyka;;4;;1
g70;1;2;3;1;2;3;2;2;3;1;2;1;1;1;3;1;1;3;1;1;1;2;1;1;1;2;1;1;;2;1;2;2;2;2;;;;;;;;;;;;;;;;;;;;;;;;2;energetyka;2;2;94;2
g71;1;2;2;1;1;1;2;2;3;1;2;1;1;1;2;1;1;1;3;1;1;2;1;1;2;2;2;2;1;2;1;1;2;1;2;1;1;1;1;2;2;2;1;1;2;1;2;2;1;1;1;1;1;4;;;5;5;2;energetyka;1;3;94;1
g72;2;3;2;1;3;1;1;1;1;2;2;3;1;1;1;1;1;1;3;1;1;2;1;1;2;1;1;1;2;1;2;2;1;2;1;1;2;2;1;1;2;1;2;1;2;1;2;1;2;1;1;1;2;7;4;3;3;5;2;energetyka;1;1;94;1
g73;2;3;1;2;3;3;2;2;2;1;2;3;1;1;2;1;1;2;3;2;3;2;1;;;;;;;;;;;;;;;;;;;;;;;;;;;;;;;;;;;;2;energetyka;1;2;94;2
g74;2;1;2;1;1;3;2;2;2;1;2;1;1;1;2;1;1;1;1;2;3;2;3;1;2;1;2;1;2;2;2;1;2;1;1;1;1;2;1;2;1;2;2;1;2;2;1;2;1;2;1;2;2;3;3;3;4;4;2;energetyka;1;4;94;2
g75;2;1;2;2;3;3;2;2;1;3;3;3;3;1;1;3;1;1;1;1;1;1;1;1;1;;;;;;;;;;;;;;;;;;;;;;;;;;;;;;;;;;2;energetyka;;3;94;1
g76;2;1;1;2;2;2;1;1;1;2;1;3;2;2;2;1;1;3;1;1;1;2;2;1;2;;1;2;;1;;;;;;;;;;;;;;;;;;;;;;;;;;;;;2;energetyka;;3;94;2
g77;2;1;2;3;1;3;2;2;3;1;3;1;3;1;2;1;3;1;3;1;1;2;1;1;1;1;2;1;2;2;2;1;2;2;1;2;2;2;1;1;2;1;1;1;2;1;2;1;1;2;1;1;2;5;3;3;5;5;2;energetyka;2;2;94;2
g78;2;2;2;1;1;1;2;2;1;1;2;1;1;1;2;1;2;1;1;1;1;3;1;1;1;1;2;1;1;2;1;1;2;2;1;1;2;2;1;2;2;1;1;1;2;1;2;1;1;2;1;1;2;7;2;2;4;5;2;energetyka;1;2;94;2
g79;2;1;2;1;2;1;2;3;3;1;2;1;3;3;1;1;2;1;3;3;3;3;1;1;1;1;1;;;;1;;;;;;;2;1;1;2;1;2;1;2;1;1;1;2;1;1;1;1;;;;;;2;energetyka;;;;
g80;2;2;2;2;1;3;2;1;1;3;1;2;1;1;2;2;1;1;1;1;1;2;1;1;1;2;2;1;;;;;;;;;;;;;;;;;;;;;;;;;;3;3;3;4;5;2;energetyka;1;1;94;1
g81;1;1;2;2;2;2;1;1;3;3;1;3;2;2;3;3;1;2;1;1;1;2;1;1;1;2;2;2;1;1;2;1;2;1;1;1;1;2;2;2;2;1;1;1;2;1;2;2;1;1;1;1;2;3;4;3;6;5;2;energetyka;2;;94;2
g82;2;1;1;2;2;2;2;1;2;1;2;2;1;1;1;1;1;3;3;1;1;2;1;1;1;2;2;2;1;1;1;2;2;1;1;2;1;2;1;2;1;2;1;1;1;2;1;1;1;1;2;1;1;;;;;;2;energetyka;2;3;94;1
g83;2;2;2;2;2;2;2;1;1;1;1;1;1;1;2;2;1;1;1;1;1;2;1;1;1;2;1;2;1;2;1;1;1;2;1;1;2;2;1;1;1;2;2;1;1;1;2;1;1;2;1;1;1;4;2;3;5;;2;energetyka;3;1;94;2
g84;2;2;1;2;2;2;1;1;;2;2;3;3;1;2;2;1;2;1;1;1;2;1;1;2;2;2;1;1;2;1;1;2;2;1;1;1;1;1;1;1;1;1;1;1;1;1;1;1;1;1;1;2;2;4;4;3;5;2;energetyka;1;2;94;2
g85;2;1;2;2;1;1;2;2;2;2;2;3;1;1;2;1;1;1;1;2;2;2;1;1;2;1;1;2;2;2;1;1;2;2;1;1;1;2;2;2;1;1;1;1;2;2;2;1;1;2;1;1;2;7;2;2;4;5;2;energetyka;2;2;94;2
g86;2;1;2;3;1;1;2;2;3;1;2;1;3;1;2;1;1;1;3;1;1;3;1;1;2;1;2;1;1;2;2;2;2;1;1;1;2;2;1;2;2;1;1;1;2;1;2;1;1;1;1;1;2;6;sam środek;;6;5;2;energetyka;1;4;94;2
g87;2;1;2;2;1;3;1;2;3;1;2;1;3;2;;;;;;;;;;1;2;2;1;1;2;2;2;1;1;2;1;2;2;1;1;2;1;1;1;1;2;1;1;2;1;2;1;1;2;5;2;4;6;5;2;energetyka;3;4;94;2
g88;3;2;1;2;2;2;1;1;1;2;1;2;2;2;3;2;1;2;1;1;1;2;1;1;1;2;2;1;1;2;2;1;1;2;1;1;1;;;;;;;;;;;;;;;;;;;;;;2;energetyka;3;2;94;2
g89;2;1;1;2;1;2;3;1;2;2;1;1;3;1;3;1;1;2;1;1;1;2;1;1;1;;2;1;2;2;2;1;2;1;1;1;2;2;1;2;1;2;1;1;2;;2;1;1;2;1;1;2;3;3;2;4;4;2;energetyka;1;1;94;1
g90;2;2;2;1;2;1;2;2;2;1;2;1;1;1;2;1;1;1;1;1;1;2;2;1;1;2;1;1;2;1;1;1;2;1;2;1;2;2;1;2;1;2;2;1;2;1;1;2;1;1;2;1;2;3;4;;3;3;1;malarstwo (m);3;2;84;2
g91;2;2;2;1;2;2;2;1;1;1;2;1;1;1;1;1;1;1;1;1;1;3;1;1;2;2;2;1;2;2;2;1;2;2;1;1;2;2;1;2;1;1;2;1;1;1;1;1;1;2;2;1;2;5;ludzie nie rozumieją, o co chodzi :);;3;5;1;malarstwo (m);3;4;91;1
g92;2;2;2;1;1;3;2;2;2;1;2;1;1;1;2;3;1;3;3;1;3;3;1;1;2;2;1;1;2;1;1;2;2;1;1;2;2;1;1;2;2;2;1;1;2;1;2;1;2;1;2;1;1;5;4;1;2;3;1;malarstwo (m);3;2;92;2
g93;2;2;1;1;3;3;1;1;1;1;3;1;1;1;3;3;3;3;3;3;3;3;1;1;1;1;1;2;2;1;1;1;2;1;1;2;1;2;1;2;1;2;1;2;2;1;1;1;1;1;2;1;1;5;centrum;centrum;3;3;1;malarstwo (m);3;3;94;
g94;1;2;2;1;1;1;3;2;3;1;2;1;1;1;2;1;3;1;2;1;3;3;3;1;1;2;2;2;1;1;1;2;1;2;1;2;1;2;1;1;1;1;2;1;1;1;1;1;2;1;1;1;2;7;b;b;5;5;1;malarstwo (m);2;2;95;1
g95;2;2;2;3;3;1;2;3;2;1;3;1;3;1;3;1;1;3;3;1;2;2;1;1;2;1;1;1;2;1;2;1;2;2;2;1;1;2;1;1;2;1;2;2;2;1;1;1;1;2;2;1;1;6;3;2;5;5;1;malarstwo (m);2;4;93;1
g96;2;2;2;1;1;1;2;1;2;3;2;1;1;1;2;1;1;2;2;1;1;3;1;1;2;1;2;2;2;1;1;1;2;1;1;1;2;2;1;2;1;2;2;1;2;1;1;1;1;2;2;1;2;5;3;2;5;5;1;malarstwo (m);2;4;95;1
g97;1;2;2;2;1;1;2;1;2;1;1;1;1;1;2;2;1;1;2;1;2;1;1;1;2;1;1;1;1;2;2;1;2;2;2;2;2;1;1;2;2;2;2;2;1;1;1;2;1;2;2;1;2;5;3;3;3;4;1;malarstwo (m);2;2;95;1
g98;1;2;2;2;2;1;1;1;1;2;1;2;2;2;2;2;1;2;1;1;1;2;1;1;2;1;2;2;2;2;2;2;1;1;1;1;1;2;1;2;1;2;1;1;2;2;2;1;1;2;1;1;2;2;4;4;5;5;2;fir;2;4;94;2
g99;2;;2;1;;2;1;;2;1;1;1;1;1;2;2;;3;3;1;1;;;1;;;;1;;2;2;1;1;2;1;1;2;2;1;2;1;1;2;1;2;2;2;;;;1;;;3;3;2;5;5;2;fr;2;3;94;2
g100;1;2;2;2;1;2;1;3;2;2;3;2;2;1;1;1;1;2;1;1;1;2;2;1;1;1;2;1;2;2;2;1;1;1;1;1;2;2;1;2;1;1;2;1;2;2;1;1;1;2;1;1;2;2;3;3;4;4;2;fir;1;2;94;2
g101;1;2;2;1;2;2;2;1;3;1;2;1;1;1;2;1;1;3;2;1;1;1;1;1;2;1;2;1;1;2;2;1;2;1;1;1;1;2;1;2;1;1;2;1;2;1;1;1;1;2;1;2;1;5;;;;;2;f;3;;94;1
g102;2;1;1;2;3;2;1;;2;2;1;1;2;1;2;2;1;2;1;1;1;3;1;1;2;1;2;2;2;2;2;1;2;1;1;1;2;2;2;2;1;2;1;1;2;2;2;1;1;2;2;1;2;3;2;2;4;5;2;f;3;2;94;1
g103;2;2;2;1;1;3;3;2;2;3;2;1;1;1;3;1;1;1;3;1;1;1;1;1;2;2;2;1;2;2;2;1;1;2;1;1;2;2;1;2;1;2;2;1;1;2;1;2;1;2;2;1;2;7;3;3;3;3;2;f;2;1;94;1
g104;2;1;2;2;2;2;2;1;1;2;2;1;3;1;2;1;2;2;1;1;1;2;1;1;1;1;2;2;2;2;2;1;2;2;2;1;1;2;1;2;1;2;1;1;2;2;2;1;1;2;1;1;2;3;3;2;3;3;3;f;2;2;93;1
g105;2;2;2;2;2;2;2;1;1;2;1;1;3;1;2;1;2;2;1;1;1;2;1;1;1;1;2;2;2;2;2;1;2;2;2;1;1;2;1;2;1;1;1;1;2;2;2;1;1;2;1;1;2;3;3;2;4;5;3;f;2;3;94;1
g106;1;2;2;2;1;2;1;1;1;2;1;2;2;2;2;1;1;2;1;1;1;2;1;1;1;1;2;1;2;1;2;1;1;1;1;2;2;2;1;2;1;2;1;1;2;2;1;1;1;1;1;1;2;4;3;3;5;5;2;f;2;2;94;2
g107;2;2;2;2;1;2;1;1;1;2;1;1;2;1;2;2;1;2;1;1;1;2;2;1;1;1;1;2;1;2;2;1;1;2;1;1;2;1;2;2;1;2;;1;2;2;2;1;2;1;1;1;2;2;4;3;5;5;3;f;2;2;93;2
g108;2;2;2;2;1;1;2;2;2;1;1;1;1;1;2;2;1;1;1;1;1;2;1;1;1;1;2;1;2;2;2;1;1;2;1;1;1;2;1;1;1;2;2;1;2;2;1;1;1;2;1;1;1;6;3;4;3;5;2;f;3;1;94;1
g109;1;2;2;2;1;2;1;1;1;2;1;2;2;2;2;2;1;1;1;1;1;2;2;2;2;1;2;1;2;2;2;1;1;1;1;1;2;2;1;2;1;1;1;1;2;2;1;1;1;1;1;2;2;2;3;4;4;5;2;f;2;4;94;1
g110;2;1;1;1;2;2;3;3;3;2;2;3;3;3;2;2;3;3;3;;2;1;1;1;1;1;2;1;2;2;1;1;2;1;1;1;1;2;1;1;2;2;1;1;1;1;1;2;2;1;2;2;1;6;3;3;5;5;2;f;1;4;94;1
g111;2;2;1;1;2;2;2;1;2;1;2;1;1;1;2;2;1;2;1;1;1;2;1;1;2;1;2;1;2;1;2;1;2;1;1;2;1;2;1;1;1;1;2;1;2;1;1;1;1;2;1;1;2;4;3;3;3;3;2;f;2;4;94;2
g112;1;2;2;2;1;2;1;1;2;2;2;2;2;1;1;1;1;2;1;2;1;2;1;1;;1;2;;2;2;2;1;1;1;1;1;2;2;1;1;1;2;1;1;2;2;1;1;1;;1;1;2;3;4;4;4;5;3;f;2;2;93;2
g113;2;1;2;2;1;1;2;2;3;2;2;2;2;1;2;1;1;1;2;1;1;2;2;1;2;1;2;2;2;2;2;1;1;2;1;1;1;2;1;1;1;1;1;1;2;2;1;1;1;2;1;1;2;7;2;2;4;4;3;f;2;2;93;1
g114;2;2;2;2;1;2;1;1;2;1;1;2;2;1;2;1;1;1;1;1;1;2;2;2;2;1;2;1;2;2;2;1;1;2;1;1;2;2;1;2;1;1;1;1;2;2;2;1;1;2;1;1;2;3;3;3;3;4;2;f;2;4;94;1
g115;2;1;2;2;1;1;2;3;3;2;2;3;1;1;2;1;1;1;2;1;1;2;3;1;;1;2;1;2;2;2;1;2;1;1;2;1;2;1;2;1;2;2;1;2;2;1;1;1;2;1;1;2;6;3;4;3;4;2;f;2;4;93;2
g116;2;2;2;2;1;2;1;1;2;2;1;3;1;2;1;1;1;3;1;1;1;2;2;1;1;1;2;2;1;2;2;1;1;2;1;1;;2;1;2;1;2;2;1;2;2;1;1;1;2;1;1;2;3;4;2;6;5;2;f;2;4;94;2
g117;2;1;2;2;2;2;2;2;2;1;2;3;2;1;2;1;1;2;1;1;1;2;1;1;2;1;2;2;2;2;2;1;1;1;1;1;1;2;1;2;2;1;2;1;2;2;1;1;1;2;1;1;2;3;3;1;5;5;2;f;2;3;94;2
g118;2;1;1;1;1;2;2;2;2;1;2;1;1;1;2;1;1;2;1;1;2;2;1;1;2;1;2;1;2;2;2;1;1;2;1;2;2;1;1;1;1;1;1;1;2;2;1;1;1;2;2;1;2;4;2;2;3;4;2;f;2;3;94;1
g119;2;2;2;1;2;1;2;1;2;1;2;1;1;1;2;1;1;1;2;1;1;3;3;1;1;1;1;2;1;1;2;2;1;2;2;2;1;2;1;1;1;2;1;1;2;2;1;1;2;1;1;1;2;8;4;1;5;3;3;f;2;4;92;1
g120;2;1;2;1;1;2;2;2;2;3;2;1;1;1;2;1;1;1;1;1;2;1;2;1;1;2;2;2;2;2;1;1;1;1;1;1;2;2;1;2;1;1;1;1;2;1;1;1;1;1;2;2;2;4;4;2;5;5;2;f;2;4;94;1
g121;2;1;2;3;2;2;3;2;3;2;2;3;1;1;2;2;1;1;1;1;1;2;3;1;2;1;2;1;2;2;2;1;2;2;1;1;1;2;1;2;1;2;1;1;2;2;1;1;1;2;1;1;2;3;3;2;4;4;2;f;2;;94;1
g122;2;1;1;2;1;2;3;1;2;1;2;1;1;1;2;1;1;2;1;1;1;2;3;1;1;1;2;2;1;1;2;1;2;1;1;1;1;2;1;2;1;2;1;1;2;1;2;1;1;2;1;1;2;5;4;3;5;4;2;f;2;2;94;1
g123;2;1;2;1;1;1;1;2;2;2;2;1;1;1;1;1;1;1;1;1;2;1;1;1;2;2;2;1;2;1;1;1;1;2;1;1;1;2;1;1;1;2;2;1;2;2;2;1;1;1;1;1;2;5;2;2;5;5;2;f;1;4;94;
g124;2;1;2;2;1;2;1;2;2;2;2;3;2;1;2;1;3;2;1;1;1;2;1;1;2;1;2;2;2;2;1;1;2;2;1;1;2;2;2;1;1;2;1;1;2;2;1;1;1;2;1;1;1;2;3;2;5;5;2;f;2;3;94;2
g125;1;2;2;1;2;1;2;2;1;1;2;1;1;1;1;2;1;1;1;1;2;2;1;1;1;1;2;1;1;2;1;1;1;2;1;2;2;2;1;2;1;1;1;1;2;1;2;1;1;2;1;1;2;4;3;3;3;5;2;f;2;2;94;1
g126;1;1;2;2;1;2;2;1;1;1;2;1;1;1;2;1;1;2;1;1;1;3;1;1;2;1;2;2;2;2;2;1;2;1;1;2;1;2;1;2;1;2;1;1;2;2;1;1;1;2;2;1;2;;3;3;5;5;;;;;;
g127;1;2;2;2;2;2;1;2;1;2;2;2;2;1;2;2;1;1;1;1;1;2;1;1;1;1;2;1;2;1;2;1;1;1;1;1;2;2;1;2;1;2;1;1;2;2;1;1;1;1;1;2;2;;;;;;2;f;2;4;94;2
g128;2;2;2;1;1;2;2;3;2;1;2;2;1;1;3;3;3;1;3;1;2;2;1;1;2;1;2;1;2;2;1;1;2;2;1;1;2;2;1;1;1;2;2;1;2;2;2;1;2;1;1;1;2;7;3;3;4;5;2;f;1;1;94;1
g129;2;2;3;1;1;1;2;1;1;2;2;1;1;1;2;1;2;2;1;1;1;2;3;1;2;1;1;1;1;1;2;1;1;2;1;2;2;2;1;2;2;1;1;1;2;2;1;1;;1;1;1;2;5;3;2;5;4;3;f;3;2;93;2
g130;2;2;2;2;1;2;2;2;2;1;2;2;1;1;3;1;1;2;1;1;1;2;2;1;2;1;2;1;2;2;2;1;2;1;1;1;2;2;1;2;1;2;1;1;2;2;1;1;1;1;2;1;2;4;3;2;4;4;2;f;2;4;94;1
g131;2;1;3;1;1;2;2;2;2;1;2;1;1;1;2;1;3;3;3;1;2;2;1;1;1;1;2;1;2;2;2;1;2;1;1;1;2;1;1;1;1;1;1;1;1;2;1;1;1;2;1;1;2;5;3;2;5;5;3;f;2;4;93;1
g132;2;3;2;2;1;1;3;2;2;;2;2;3;1;2;1;1;1;1;1;1;2;1;2;2;1;2;1;2;2;2;1;1;2;1;1;1;2;2;2;1;2;2;1;2;2;2;1;1;2;1;1;2;5;3;3;3;3;2;f;2;2;94;2
g133;1;2;1;1;1;2;2;1;2;1;2;1;1;1;1;1;1;1;1;1;1;1;1;1;1;1;2;2;2;1;2;1;2;2;1;1;2;1;1;2;1;1;2;1;2;1;1;2;1;1;2;1;1;3;;;5;5;2;f;1;1;94;1
g134;1;2;2;2;2;2;3;2;3;2;1;1;3;3;2;3;1;1;3;1;1;2;1;1;1;2;1;1;2;2;2;1;2;1;1;2;2;1;1;1;2;1;2;1;2;1;1;1;1;1;2;1;2;4;;;3;5;2;f + prawo;2;1;94;1
g135;1;2;3;2;1;2;2;2;3;1;1;1;1;1;1;1;1;2;1;1;1;1;1;1;1;2;2;1;1;2;2;;;;;;;;;;;;;;;;;;;;;;;;;;;;2;f;2;4;95;1
g136;1;2;2;2;2;2;1;1;1;2;1;2;2;1;2;2;1;2;1;1;1;2;1;1;2;1;2;2;2;2;2;1;1;2;1;2;2;2;1;2;1;1;1;1;2;2;1;1;1;2;1;1;2;2;4;3;5;5;2;f;2;4;94;2
g137;1;2;3;1;3;2;2;1;1;1;2;3;1;1;1;3;1;3;1;1;1;2;1;1;2;2;2;1;2;2;2;1;2;2;1;1;2;2;1;2;1;1;2;1;2;2;1;1;1;1;1;1;2;3;3;3;5;5;2;f;2;4;94;1
g138;2;1;3;1;1;2;2;3;2;2;2;3;1;1;2;1;1;1;1;2;2;3;1;1;2;1;2;1;2;2;2;1;1;2;1;1;2;2;1;2;1;1;1;1;2;2;1;1;1;2;1;1;2;4;3;1;3;4;2;f;2;1;94;2
g139;2;2;3;2;1;3;2;2;2;1;1;1;2;2;2;1;2;1;1;1;3;1;1;1;2;2;2;1;2;2;1;1;2;1;1;2;1;2;1;2;1;2;1;1;2;2;1;1;1;2;1;1;2;2;4;2;5;3;3;f;1;4;92;1
g140;1;2;2;3;2;2;3;3;1;1;3;1;1;1;1;2;3;2;3;3;2;3;2;2;1;1;1;2;1;2;1;1;1;2;2;1;1;2;2;1;1;1;2;2;1;1;1;2;2;1;2;2;1;2;;;5;5;3;zarzadzanie;3;4;93;1
g141;2;2;2;2;1;1;2;1;2;1;1;2;2;1;2;1;1;1;1;1;1;2;1;1;1;1;2;1;2;2;1;1;1;2;2;1;1;2;1;1;1;2;1;1;2;1;1;1;1;2;1;2;1;3;3;2;5;5;3;f;3;4;93;1
g142;2;1;3;1;2;2;2;2;1;1;2;1;1;1;2;1;1;3;2;1;1;3;1;1;1;1;2;1;1;2;1;1;2;1;1;1;2;2;1;1;2;2;1;1;1;1;1;2;1;1;2;1;1;4;3;3;5;5;3;f;3;3;93;1
g143;2;2;3;3;1;2;1;1;1;2;1;1;3;1;1;1;1;1;1;1;1;2;2;1;1;1;2;1;2;2;1;1;1;2;1;1;1;2;1;2;2;1;2;1;2;2;1;1;1;2;1;1;2;3;4;4;3;3;3;f;2;2;93;2
